{"boundaryID": "BRA-ADM2-56859067", "boundaryISO": "BRA", "boundaryYear": "2020", "boundaryType": "ADM2", "boundarySource": "Instituto Brasileiro de Geografia e Estat\u00edstica (IBGE), OCHA ROLAC", "boundaryCanonical": "municipality", "boundaryLicense": "Creative Commons Attribution 3.0 Intergovernmental Organisations (CC BY 3.0 IGO)", "licenseDetail": "", "licenseSource": "https//data.humdata.org/dataset/brazil-administrative-level-0-boundaries", "boundarySourceURL": "https//data.humdata.org/dataset/brazil-administrative-level-0-boundaries", "sourceDataUpdateDate": "Thu Jan 19 07:31:04 2023", "buildDate": "Dec 12, 2023", "admUnitCount": "5570", "meanVertices": "295.0", "minVertices": "12", "maxVertices": "5330", "meanPerimeterLengthKM": "175.943620769146", "maxPerimeterLengthKM": "3314.302631671455", "minPerimeterLengthKM": "8.099032690128102", "meanAreaSqKM": "1525.5265065969395", "minAreaSqKM": "3.3979996988387877", "maxAreaSqKM": "159534.13982841358"}