Residência,Semana 01,Semana 02,Semana 03,Semana 04,Semana 05,Semana 06,Semana 07,Semana 08,Semana 09,Semana 10,Semana 11,Semana 12,Semana 13,Semana 14,Semana 15,Semana 16,Semana 17,Semana 18,Semana 19,Semana 20,Semana 21,Semana 22,Semana 23,Semana 24,Semana 25,Semana 26,Semana 27,Semana 28,Semana 29,Semana 30,Semana 31,Semana 32,Semana 33,Semana 34,Semana 35,Semana 36,Semana 37,Semana 38,Semana 39,Semana 40,Semana 41,Semana 42,Semana 43,Total,CIR
AREADO,0,0,0,0,0,0,0,0,0,1,1,0,0,0,0,0,0,0,0,0,0,0,0,0,0,0,0,0,0,0,0,0,0,0,0,0,0,0,0,0,0,0,0,2,31001
CONCEICAO DA APARECIDA,0,0,0,0,0,0,0,0,0,0,0,0,0,0,0,0,0,0,0,0,0,0,0,0,0,0,0,0,0,0,0,0,0,1,0,0,0,0,0,0,0,0,0,1,31001
MACHADO,0,0,0,0,0,0,0,0,0,1,0,0,0,1,0,0,0,0,0,0,0,1,0,0,0,0,0,0,0,0,0,0,0,0,0,0,0,0,0,0,0,0,0,3,31001
CAMPESTRE,0,0,0,0,0,0,1,0,0,0,0,0,0,0,0,0,0,0,0,0,0,0,0,0,0,0,0,0,0,0,0,0,0,0,0,0,0,0,0,0,0,0,0,1,31001
CARVALHOPOLIS,0,0,0,0,0,0,0,0,0,0,0,0,0,0,0,0,0,0,0,1,0,0,0,0,0,0,0,0,0,0,0,0,0,0,0,0,0,0,0,0,0,0,0,1,31001
POCO FUNDO,0,0,0,0,0,0,0,0,1,0,0,0,0,0,0,0,0,0,0,0,0,0,0,0,0,0,1,0,0,0,0,0,0,0,0,0,0,0,0,0,0,0,0,2,31001
ALTEROSA,0,0,0,0,1,0,0,0,0,1,0,1,1,0,0,0,0,0,0,0,0,0,0,0,0,0,0,0,0,0,0,0,0,0,0,0,0,0,0,0,0,0,0,4,31001
ALFENAS,0,0,0,0,0,0,0,0,1,1,2,1,1,0,0,0,2,0,1,0,0,0,0,0,0,0,0,0,0,0,0,0,0,0,0,0,1,0,0,0,0,0,0,10,31001
PARAGUACU,0,0,0,0,0,0,0,0,0,0,0,0,0,1,0,0,1,0,0,0,1,0,0,1,0,0,0,1,0,0,0,0,0,0,0,0,0,0,0,0,0,0,0,5,31001
BOTELHOS,0,0,0,0,0,0,1,0,0,0,0,0,0,0,0,0,0,2,0,0,0,1,0,0,0,0,0,0,0,0,0,0,0,0,0,0,0,0,0,0,0,0,0,4,31001
CAMPOS GERAIS,0,0,0,0,0,0,0,0,0,0,0,0,0,0,0,0,0,0,0,0,1,0,0,0,0,0,0,0,0,0,0,0,0,0,0,0,0,0,0,0,0,0,0,1,31001
CAMPO DO MEIO,0,0,0,0,0,0,0,0,1,0,0,0,0,0,0,0,0,0,0,0,0,0,0,0,0,0,0,0,0,0,0,0,0,0,0,0,0,0,0,0,0,0,0,1,31001
MUZAMBINHO,0,0,0,0,0,0,0,0,0,0,0,0,0,0,0,0,0,0,0,0,0,0,0,0,0,0,0,0,0,0,0,0,0,0,0,0,0,1,0,0,0,0,0,1,31002
MONTE BELO,0,0,0,2,0,1,0,0,1,0,0,0,0,0,0,0,0,0,0,0,0,0,0,0,0,0,0,0,0,0,0,0,0,0,0,0,0,0,0,0,0,0,0,4,31002
GUARANESIA,0,0,0,0,0,0,0,0,0,2,1,0,0,0,0,0,0,0,0,0,0,0,0,0,0,0,0,0,0,0,0,0,0,0,0,0,0,0,0,0,0,0,0,3,31002
GUAXUPE,0,0,0,0,0,0,0,0,0,0,0,0,0,1,0,1,0,1,0,0,0,0,0,1,0,0,0,0,0,0,0,0,0,0,0,0,0,0,0,0,0,0,0,4,31002
JURUAIA,0,0,0,0,0,0,0,0,0,0,0,0,0,0,1,0,0,0,0,0,0,0,0,0,0,0,0,0,0,0,0,0,0,0,0,0,0,0,0,0,0,0,0,1,31002
ARCEBURGO,0,0,2,0,0,0,1,0,0,0,0,0,0,0,0,0,2,0,0,0,0,0,1,0,0,0,0,0,0,0,0,0,0,0,0,0,0,0,0,0,0,0,0,6,31002
CABO VERDE,0,0,0,0,0,0,0,0,1,0,0,1,0,0,0,0,0,0,0,0,0,0,0,0,0,0,0,0,0,0,0,0,0,0,0,0,0,0,0,0,0,0,0,2,31002
MARIA DA FE,0,0,0,0,0,0,0,0,0,0,0,0,0,0,1,0,0,0,0,0,0,0,0,0,0,0,0,0,0,0,0,0,0,0,0,0,0,0,0,0,0,0,0,1,31003
PARAISOPOLIS,0,0,1,0,0,0,0,0,0,0,0,0,0,0,0,0,0,0,0,0,0,0,0,0,0,0,0,0,0,0,0,0,0,0,0,0,0,0,0,0,0,0,0,1,31003
PIRANGUINHO,0,0,0,0,0,0,0,0,0,0,0,0,0,0,0,0,0,0,0,1,1,1,0,0,0,0,0,0,0,0,0,0,0,0,0,0,0,0,0,0,0,0,0,3,31003
CONSOLACAO,0,0,0,0,0,0,0,0,0,0,2,0,0,0,0,0,0,0,0,0,0,0,0,0,0,0,0,0,0,0,0,0,0,0,0,0,0,0,0,0,0,0,0,2,31003
BRAZOPOLIS,0,0,0,0,0,0,0,0,0,0,0,0,0,0,0,0,0,0,0,0,0,0,0,0,0,0,0,0,0,0,0,0,0,0,1,0,0,0,0,0,0,0,0,1,31003
SAO JOSE DO ALEGRE,0,0,0,0,0,0,0,0,0,0,0,1,0,0,0,0,0,0,0,0,0,0,0,0,0,0,0,0,0,0,0,0,0,0,0,0,0,0,0,0,0,0,0,1,31003
PIRANGUCU,0,0,0,0,0,0,0,0,0,0,0,0,0,0,0,0,0,0,1,0,0,0,0,0,0,0,0,0,0,0,0,0,0,0,0,0,0,0,0,0,0,0,0,1,31003
ITAJUBA,2,2,1,1,0,0,0,0,0,0,2,2,1,5,6,4,6,2,0,0,0,1,2,0,1,0,1,0,0,0,0,1,0,1,1,0,0,0,1,0,0,0,0,43,31003
SAPUCAI-MIRIM,0,0,0,0,0,0,0,0,0,0,0,0,0,1,0,0,0,0,0,0,0,0,0,0,0,0,0,0,0,0,0,0,0,0,0,0,0,0,0,0,0,0,0,1,31003
PERDOES,0,0,0,0,0,1,0,0,0,0,0,0,1,0,0,2,0,1,4,0,0,0,3,1,1,0,2,0,0,0,0,0,0,0,1,0,0,0,0,0,1,0,0,18,31004
LAVRAS,0,1,0,0,0,0,1,0,0,0,2,1,0,0,0,1,0,1,1,1,1,0,0,0,0,0,0,0,0,0,0,0,1,0,0,0,0,0,0,0,0,0,0,11,31004
LUMINARIAS,0,0,0,0,0,0,0,0,0,2,1,0,0,0,0,0,0,0,0,0,0,0,0,0,0,0,0,0,0,0,0,0,0,0,0,0,0,0,0,0,0,0,0,3,31004
NEPOMUCENO,0,0,0,0,0,0,0,0,0,0,0,1,0,0,0,0,0,0,0,0,0,0,0,0,0,0,0,0,0,0,0,0,0,0,0,0,0,0,0,0,0,0,0,1,31004
ANDRADAS,0,0,0,0,0,0,0,0,0,0,0,0,0,0,0,0,0,0,0,0,0,0,0,1,0,0,0,0,0,0,0,0,0,0,0,0,0,0,0,0,0,0,0,1,31006
POCOS DE CALDAS,0,4,2,4,1,9,18,18,32,29,20,0,0,0,0,0,0,0,0,0,1,0,0,0,0,0,0,0,1,0,0,0,0,0,0,0,0,0,0,0,0,0,0,139,31006
CALDAS,0,0,0,0,0,0,0,0,0,1,0,0,0,0,0,0,0,0,0,0,0,0,0,0,0,0,0,0,0,0,0,0,0,0,0,0,0,0,0,0,0,0,0,1,31006
INCONFIDENTES,0,0,0,0,1,0,0,0,0,0,0,0,0,0,0,0,0,0,0,0,0,0,0,0,0,0,0,0,0,0,0,0,0,0,0,0,0,0,0,0,0,0,0,1,31007
ESTIVA,0,0,0,0,0,0,0,0,0,0,0,0,0,0,0,0,0,0,0,0,1,0,0,0,0,1,0,0,0,0,0,0,0,0,0,0,0,0,0,0,0,0,0,2,31007
BUENO BRANDAO,0,0,0,0,0,0,0,0,0,0,0,0,1,0,0,0,0,0,0,0,0,0,0,0,0,0,0,0,0,0,0,0,0,0,0,0,0,0,0,0,0,0,0,1,31007
SILVIANOPOLIS,0,0,0,0,0,0,0,0,1,0,0,0,0,0,0,0,0,0,0,0,0,0,0,0,0,0,0,0,0,0,0,0,0,0,0,0,0,0,0,0,0,0,0,1,31007
SANTA RITA DO SAPUCAI,0,1,1,0,2,1,0,1,0,1,2,1,0,2,5,5,3,3,3,2,1,0,0,0,0,1,1,0,0,0,0,0,0,0,0,0,0,1,0,0,0,0,0,37,31007
TOLEDO,0,0,0,0,0,0,0,0,0,0,0,0,0,0,0,0,0,0,0,0,0,0,1,0,0,0,0,0,0,0,0,0,0,0,0,0,0,0,0,0,0,0,0,1,31007
CACHOEIRA DE MINAS,0,0,0,0,0,0,0,0,0,0,0,1,0,0,0,0,0,0,0,0,0,0,0,0,0,0,0,0,0,0,0,0,0,0,0,0,0,1,0,0,0,0,0,2,31007
SAO SEBASTIAO DA BELA VISTA,0,0,0,0,0,0,0,0,0,0,0,0,0,0,0,0,0,0,0,0,1,0,0,0,0,0,0,0,0,0,0,0,0,0,0,0,0,0,0,0,0,0,0,1,31007
ESPIRITO SANTO DO DOURADO,0,0,0,0,0,0,0,0,0,0,0,0,0,0,0,0,0,0,0,0,0,1,0,0,0,0,0,0,0,0,0,0,0,0,0,0,0,0,0,0,0,0,0,1,31007
CAREACU,0,0,0,0,0,0,0,0,0,0,0,0,0,1,0,0,0,0,0,0,0,0,0,0,0,0,0,0,0,0,0,0,0,0,0,0,0,0,0,0,0,0,0,1,31007
CONGONHAL,1,1,0,0,0,0,0,0,0,0,0,0,0,0,0,0,0,0,0,0,0,0,0,0,0,0,0,0,0,0,0,0,0,0,0,0,0,0,0,0,0,0,0,2,31007
EXTREMA,0,0,0,0,0,0,0,0,0,0,0,0,0,0,0,0,0,0,0,0,0,0,0,0,0,0,0,0,0,0,0,0,0,0,0,0,0,0,0,0,0,1,0,1,31007
CONCEICAO DOS OUROS,0,0,0,0,1,2,0,2,8,6,0,1,2,0,0,0,0,0,0,0,0,0,0,0,0,1,0,0,0,0,0,0,0,0,0,1,0,0,0,0,0,0,0,24,31007
POUSO ALEGRE,0,1,0,0,1,6,0,0,0,8,1,4,0,3,4,3,5,2,0,0,0,0,0,0,2,2,0,0,0,0,0,0,0,0,0,1,0,0,0,0,0,0,0,43,31007
BOM REPOUSO,0,0,0,0,0,0,0,0,0,0,0,0,0,1,0,0,0,0,1,0,0,0,0,0,0,0,0,0,0,0,0,0,0,0,0,0,0,0,0,0,0,0,0,2,31007
BORDA DA MATA,0,0,0,0,0,0,0,1,0,0,0,0,0,0,0,0,0,0,0,0,0,0,0,0,0,0,0,0,0,0,0,0,0,0,0,0,0,0,0,0,0,0,0,1,31007
CAMBUI,0,0,0,0,0,0,0,1,0,0,0,0,0,0,0,1,0,0,0,2,0,0,0,0,0,0,0,0,0,0,0,0,0,0,0,0,0,0,0,0,0,0,0,4,31007
MONTE SIAO,0,0,0,0,0,0,0,0,0,0,0,0,0,0,0,0,0,0,0,0,0,0,2,0,0,0,0,0,0,0,0,0,0,0,0,0,0,0,0,0,0,0,0,2,31007
TURVOLANDIA,0,0,0,0,0,0,0,0,0,0,0,0,0,0,0,0,1,0,0,0,0,0,0,0,0,0,0,0,0,0,0,0,0,0,0,0,0,0,0,0,0,0,0,1,31007
TOCOS DO MOJI,0,0,0,0,0,0,0,0,0,0,0,0,0,0,0,0,0,1,0,0,0,0,0,0,0,0,0,0,0,0,0,0,0,0,0,0,0,0,0,0,0,0,0,1,31007
ITAPEVA,0,0,0,0,0,0,0,0,0,0,0,0,0,0,0,0,0,0,0,0,0,1,0,0,1,0,0,0,0,0,0,0,0,0,0,1,0,0,0,0,0,0,0,3,31007
VIRGINIA,0,0,0,0,0,0,0,0,0,0,0,1,0,0,0,0,0,0,0,0,0,0,0,0,0,0,0,0,0,0,0,0,0,0,0,0,0,0,0,0,1,0,0,2,31008
AIURUOCA,0,0,0,0,0,1,0,0,0,0,0,0,0,0,0,0,0,0,0,0,0,0,0,0,0,0,0,0,0,0,0,0,0,0,0,0,0,0,0,0,0,0,0,1,31008
CRISTINA,0,0,0,0,1,0,0,0,0,0,0,0,0,0,0,0,0,0,0,0,0,0,0,0,0,0,0,0,0,0,0,0,0,0,0,0,0,0,0,0,0,0,0,1,31008
CARMO DE MINAS,0,0,0,0,0,0,0,0,0,0,0,0,0,0,0,0,0,0,1,0,0,0,0,0,0,0,0,0,0,0,0,0,0,0,0,0,0,0,0,0,0,0,0,1,31008
LAMBARI,0,0,0,0,0,0,0,0,1,0,0,0,0,2,0,0,0,0,0,0,0,0,0,0,0,0,0,0,0,0,0,0,0,0,0,0,0,0,0,0,0,0,0,3,31008
SOLEDADE DE MINAS,0,0,0,0,0,0,0,0,0,0,0,0,0,0,0,0,0,0,0,0,1,0,0,0,0,0,0,0,0,0,0,0,0,0,0,0,0,0,0,0,0,0,0,1,31008
CAXAMBU,0,0,0,0,1,0,1,1,2,1,0,1,0,0,1,0,0,0,0,0,0,0,0,0,0,0,2,0,0,0,0,0,0,0,0,0,0,0,0,0,0,0,0,10,31008
ITAMONTE,0,0,0,0,0,1,0,0,0,0,0,0,0,0,3,1,1,0,1,0,0,0,1,0,0,0,0,0,0,0,0,0,0,0,0,0,0,0,0,0,0,0,0,8,31008
CONCEICAO DO RIO VERDE,0,1,0,0,0,0,0,0,1,0,0,0,0,0,0,0,0,0,0,0,0,0,0,0,0,0,0,0,0,0,0,0,0,0,0,0,0,0,0,0,0,0,0,2,31008
ALAGOA,0,1,0,0,0,0,0,1,0,0,0,0,0,0,0,0,0,0,0,0,0,0,0,0,0,0,0,0,0,0,0,0,0,0,0,0,0,0,0,0,0,0,0,2,31008
PASSA QUATRO,0,0,0,0,0,0,0,0,0,0,0,0,0,0,0,0,0,0,0,0,0,0,0,0,0,1,0,0,0,0,0,0,0,0,0,0,0,0,0,0,0,0,0,1,31008
BAEPENDI,0,0,0,0,0,0,0,0,0,0,0,0,0,0,2,0,1,0,0,1,0,0,0,0,0,0,0,0,0,0,0,0,0,0,0,0,0,0,0,0,0,0,0,4,31008
MINDURI,0,0,0,0,0,0,0,0,0,0,0,0,1,0,0,0,0,0,0,0,0,0,0,0,0,0,0,0,0,0,0,0,0,0,0,0,0,0,0,0,0,0,0,1,31008
ITANHANDU,0,0,0,0,0,0,0,0,0,0,0,0,1,0,0,0,0,0,0,1,0,0,0,0,0,0,0,0,0,0,0,0,0,0,0,0,0,0,0,0,0,0,0,2,31008
SAO LOURENCO,0,0,0,0,0,1,1,0,0,0,0,0,0,0,0,2,0,0,0,0,0,0,0,0,0,0,0,0,0,0,0,0,0,0,0,0,0,0,0,0,0,0,0,4,31008
CRUZILIA,0,0,0,0,0,3,2,0,1,0,0,2,0,0,2,0,0,0,1,0,2,1,0,0,0,0,0,0,0,0,0,0,0,0,0,0,0,0,0,0,0,0,0,14,31008
SAO TOMAS DE AQUINO,0,0,0,0,0,0,0,0,0,0,0,0,0,1,0,0,0,1,2,0,0,0,0,0,0,0,0,0,0,0,0,0,0,0,0,0,0,0,0,0,0,0,0,4,31009
ITAMOGI,0,0,0,0,0,0,0,0,0,0,0,0,0,1,3,0,0,0,1,0,0,0,0,0,0,0,0,0,0,0,0,0,0,0,0,0,0,0,0,0,0,0,0,5,31009
MONTE SANTO DE MINAS,0,1,0,0,0,0,0,0,0,0,0,1,0,1,0,2,1,1,0,0,0,0,1,0,0,0,0,0,0,0,0,0,0,0,0,0,0,0,0,0,0,0,0,8,31009
SAO SEBASTIAO DO PARAISO,0,1,0,0,1,0,3,1,3,0,1,2,4,3,1,2,3,3,2,3,2,1,2,0,0,1,0,0,0,0,0,0,0,0,0,0,0,0,1,0,0,0,0,40,31009
SAO THOME DAS LETRAS,0,0,0,0,0,0,0,0,0,0,0,0,0,0,0,0,0,0,0,0,0,0,0,0,0,0,1,0,0,0,0,0,0,0,0,0,0,0,0,0,0,0,0,1,31010
TRES CORACOES,0,0,0,0,0,0,0,0,0,0,0,1,0,0,0,0,0,0,0,0,0,0,0,0,0,0,0,0,0,0,0,0,0,0,0,0,0,0,0,0,0,0,0,1,31010
BOA ESPERANCA,0,0,0,0,1,0,0,0,0,0,0,1,0,1,0,2,1,2,0,1,0,2,1,1,0,0,0,0,0,0,0,0,0,0,0,0,0,0,0,0,0,0,0,13,31011
TRES PONTAS,0,0,0,0,0,0,0,0,1,0,0,0,0,0,0,0,0,0,0,0,0,3,0,0,0,0,0,0,0,0,0,0,0,0,0,0,0,0,0,0,0,0,0,4,31011
ILICINEA,0,0,0,0,0,0,0,0,0,0,0,1,1,0,0,0,1,0,0,0,0,0,0,0,0,0,0,0,0,0,0,0,0,0,0,0,0,0,0,0,0,0,0,3,31011
SANTANA DA VARGEM,0,0,0,0,1,0,0,0,0,0,0,0,0,0,1,0,0,0,0,0,0,0,0,0,0,0,0,0,0,0,0,0,0,0,0,0,0,0,0,0,0,0,0,2,31011
COQUEIRAL,0,0,0,0,0,0,0,0,0,0,0,1,0,0,1,0,1,1,1,0,0,1,0,0,0,0,0,0,0,0,0,0,0,0,0,0,0,0,0,0,0,0,0,6,31011
MONSENHOR PAULO,0,0,0,0,0,0,0,0,1,0,0,0,0,0,0,1,0,0,0,0,0,0,0,0,0,0,0,0,0,0,0,0,0,0,0,0,0,0,0,0,0,0,0,2,31012
SAO GONCALO DO SAPUCAI,0,0,0,0,0,1,0,0,0,0,0,0,0,0,0,0,0,0,0,0,0,0,0,0,0,0,0,0,0,0,0,0,0,0,0,0,0,0,0,0,0,0,0,1,31012
VARGINHA,0,0,0,3,5,0,2,8,6,11,8,5,7,1,2,0,2,2,0,3,0,2,0,0,0,0,0,1,1,0,0,0,1,0,0,0,0,0,0,0,0,0,0,70,31012
ELOI MENDES,0,0,0,0,0,0,0,0,0,0,1,0,0,0,0,0,0,0,0,1,0,0,0,0,0,0,0,0,0,0,0,0,0,0,0,0,0,0,0,0,0,0,0,2,31012
CAMPANHA,0,0,0,0,0,0,0,0,0,0,0,0,1,1,0,1,0,0,0,0,0,0,0,0,0,0,0,0,0,0,0,0,0,0,0,0,0,0,0,0,0,0,0,3,31012
RESSAQUINHA,0,0,0,0,0,0,0,0,0,0,0,0,0,0,0,0,1,0,0,0,0,0,0,1,0,0,0,0,0,0,0,0,0,0,0,0,0,0,0,0,0,0,0,2,31013
ANTONIO CARLOS,0,0,0,0,0,0,0,0,0,0,0,0,0,0,0,0,0,0,1,0,0,0,0,0,0,0,0,0,0,0,0,0,0,0,0,0,0,0,0,0,0,0,0,1,31013
PAIVA,0,0,0,0,0,0,0,0,0,0,0,6,0,0,1,0,0,0,0,0,0,0,0,0,0,0,0,0,0,0,0,0,0,0,0,0,0,1,0,0,0,0,0,8,31013
SANTA BARBARA DO TUGURIO,0,0,0,0,0,0,0,0,0,0,0,0,1,0,0,0,0,0,0,0,0,0,0,0,0,0,0,0,0,0,0,0,0,0,0,0,0,0,0,0,0,0,0,1,31013
IBERTIOGA,0,0,0,0,0,0,0,0,0,0,0,0,0,1,0,1,0,0,0,0,0,0,0,0,0,0,0,0,0,0,0,0,0,0,0,0,0,0,0,0,0,0,0,2,31013
BARBACENA,0,0,0,1,0,1,1,1,2,1,0,1,0,0,0,0,0,2,0,1,1,0,1,1,0,0,0,1,0,0,0,0,0,0,1,0,1,0,0,0,0,0,0,17,31013
SENHORA DOS REMEDIOS,0,0,0,0,1,0,0,1,0,0,0,0,0,0,0,0,0,0,0,0,1,0,0,0,0,0,0,0,0,0,0,0,0,0,0,0,0,0,0,0,0,0,0,3,31013
CAPELA NOVA,0,0,0,0,0,0,0,0,1,0,0,0,0,0,0,0,0,0,0,0,0,0,0,0,0,0,0,0,0,0,0,0,0,0,0,0,0,0,0,0,0,0,0,1,31013
SANTA RITA DE IBITIPOCA,0,0,0,0,0,0,0,0,0,0,0,0,0,1,0,0,0,0,0,3,0,0,0,0,0,0,0,0,0,0,0,0,0,0,0,0,0,0,0,0,0,0,0,4,31013
CARANDAI,0,0,0,0,0,1,0,0,0,1,0,1,0,2,0,2,0,1,0,2,1,0,1,0,0,0,0,0,1,0,0,0,0,0,0,0,0,0,0,0,0,0,0,13,31013
ALFREDO VASCONCELOS,0,0,0,0,0,0,0,0,0,0,1,0,0,0,0,0,0,0,0,0,0,0,0,0,1,0,0,0,0,0,0,0,0,0,0,0,0,0,0,0,0,0,0,2,31013
DORES DE CAMPOS,0,0,0,0,0,0,0,0,0,1,0,0,0,0,0,0,1,0,0,0,0,0,0,0,0,0,0,0,0,0,0,0,0,0,0,0,0,0,0,0,0,0,0,2,31015
MADRE DE DEUS DE MINAS,0,0,0,1,0,0,0,0,1,0,0,0,0,0,0,0,0,0,0,0,1,0,0,0,0,0,0,0,0,0,0,0,0,0,0,0,0,0,0,0,0,0,0,3,31015
SAO JOAO DEL REI,0,0,2,3,4,2,3,3,9,3,10,6,4,4,1,2,5,2,1,1,0,0,1,0,0,0,0,0,0,0,0,0,0,0,0,0,0,0,0,0,0,0,0,66,31015
SAO TIAGO,0,0,0,1,0,0,0,0,0,0,0,0,0,0,0,0,0,0,0,0,0,0,0,0,0,0,0,0,0,0,0,1,0,0,0,0,0,0,0,0,0,0,0,2,31015
TIRADENTES,0,0,0,0,0,0,0,1,0,1,0,0,1,1,0,0,1,0,0,1,0,0,0,0,0,0,0,0,0,0,0,0,0,0,0,0,0,0,0,0,0,0,0,6,31015
BARROSO,0,0,0,0,1,0,2,3,2,2,1,0,2,2,0,0,0,0,0,0,0,0,0,0,0,0,0,0,1,0,0,0,0,0,0,0,0,0,0,0,0,0,0,16,31015
LAGOA DOURADA,0,0,0,0,0,0,1,0,0,0,1,1,0,0,0,0,0,0,0,6,0,0,0,0,0,0,0,0,0,0,0,0,0,0,0,0,0,0,0,0,0,0,0,9,31015
SANTA CRUZ DE MINAS,0,0,0,0,0,0,2,1,1,1,0,0,0,0,1,0,0,0,0,0,0,0,0,0,0,0,0,0,0,0,0,0,1,0,0,0,0,0,0,0,0,0,0,7,31015
CORONEL XAVIER CHAVES,0,0,2,6,2,0,2,2,0,0,0,0,0,0,1,0,0,0,0,0,0,0,0,0,0,0,0,0,0,0,0,0,0,0,0,0,0,0,0,0,0,0,0,15,31015
RESENDE COSTA,0,0,0,0,1,0,0,0,0,1,1,0,1,0,0,0,0,1,0,0,0,0,0,0,0,0,0,0,0,0,0,0,0,0,0,0,0,0,0,0,0,0,0,5,31015
PRADOS,0,0,0,1,2,0,1,0,0,0,0,0,0,0,0,1,8,0,0,0,0,0,0,0,0,0,0,0,0,0,0,0,0,0,0,0,0,0,0,0,0,1,0,14,31015
NAZARENO,0,0,0,1,0,1,0,0,0,0,0,0,0,0,0,0,0,0,0,0,0,0,0,0,0,0,0,0,0,0,0,0,0,0,0,0,0,0,0,0,0,0,0,2,31015
SAO VICENTE DE MINAS,0,0,0,0,0,0,0,0,0,0,1,0,0,0,0,0,0,0,0,0,0,0,0,0,0,0,0,0,0,0,0,0,0,0,0,0,0,0,0,0,0,0,0,1,31015
IBITURUNA,0,0,0,0,0,0,1,0,0,0,2,1,0,0,0,0,0,0,0,0,0,0,0,0,0,0,0,0,0,0,0,0,0,0,0,0,0,0,0,0,0,0,0,4,31015
BOM SUCESSO,0,0,0,0,0,0,0,0,0,0,1,0,0,1,0,0,0,0,0,0,0,0,0,0,0,0,0,0,0,0,0,0,1,0,0,0,0,0,0,0,0,0,0,3,31015
PIEDADE DO RIO GRANDE,0,0,0,0,0,0,0,28,26,15,5,7,1,1,0,3,0,0,0,0,0,0,0,0,0,0,0,0,0,0,0,0,0,0,0,0,0,0,0,0,0,0,0,86,31015
RAPOSOS,0,1,0,1,0,0,1,0,1,1,0,0,1,0,0,2,0,0,0,0,0,0,3,0,0,0,0,0,0,0,0,0,0,0,0,0,0,0,0,0,0,0,0,11,31016
RIBEIRAO DAS NEVES,11,26,45,152,85,83,97,183,160,120,111,115,91,107,102,103,79,93,41,131,41,105,60,866,21,40,15,18,4,5,8,5,3,14,6,2,4,4,5,14,5,13,0,3193,31016
MOEDA,0,0,1,1,0,0,0,4,1,0,0,0,0,0,0,0,0,0,0,0,0,0,0,0,0,0,0,0,0,0,0,0,0,0,0,0,0,0,0,0,0,0,0,7,31016
SABARA,12,14,17,5,24,9,14,17,16,19,83,49,29,23,20,51,32,14,11,2,4,1,3,4,5,7,8,8,3,6,5,8,2,0,1,2,2,1,2,1,0,0,0,534,31016
BELO HORIZONTE,101,157,298,589,617,793,689,934,879,702,794,741,611,619,556,641,625,610,471,498,473,266,195,149,130,70,98,74,54,36,164,82,28,28,47,29,19,21,17,10,6,6,0,13927,31016
TAQUARACU DE MINAS,0,0,0,0,0,0,0,0,0,0,1,0,0,1,0,0,0,0,0,0,0,0,0,0,0,0,0,0,0,1,0,0,0,0,0,0,0,0,0,0,0,0,0,3,31016
BELO VALE,0,1,1,0,0,0,0,0,2,3,1,0,1,2,2,1,0,1,0,1,1,0,1,0,0,0,1,1,0,0,0,0,0,0,0,1,1,0,1,0,0,0,0,23,31016
NOVA LIMA,1,1,1,9,10,9,15,7,10,5,21,13,14,22,23,13,8,6,5,4,0,2,0,11,2,0,0,4,1,0,0,0,0,1,0,0,1,0,0,3,0,0,0,222,31016
CAETE,2,7,19,32,173,336,415,487,227,201,203,301,215,220,217,156,125,107,35,25,30,21,8,10,10,6,4,1,2,0,0,2,0,0,1,1,3,1,1,1,1,0,0,3606,31016
NOVA UNIAO,0,0,0,0,0,0,1,0,0,0,1,0,0,0,3,0,0,0,0,0,0,0,0,0,1,1,0,0,0,1,0,0,0,0,0,0,0,0,0,0,0,0,0,8,31016
RIO ACIMA,0,0,4,2,2,0,2,0,0,0,0,0,0,1,0,0,0,0,0,0,0,0,1,0,1,0,0,0,0,0,0,0,0,0,0,0,0,0,0,0,0,0,0,13,31016
JABOTICATUBAS,3,2,8,19,13,14,12,23,28,7,18,9,7,13,13,11,14,9,11,14,11,13,10,1,5,0,1,0,2,2,0,0,1,0,1,1,1,2,0,0,0,0,0,299,31016
SANTA LUZIA,18,19,28,49,63,72,87,67,73,99,116,114,91,76,42,113,63,52,44,67,42,29,57,38,24,26,33,13,14,12,12,4,8,3,5,4,4,6,4,2,1,0,0,1694,31016
RIO MANSO,0,0,0,0,0,0,0,0,0,0,0,0,0,1,3,0,0,0,0,0,0,1,0,0,0,0,0,0,0,0,0,0,0,0,0,0,0,0,0,0,0,0,0,5,31017
JUATUBA,0,1,2,10,12,5,3,1,3,3,4,1,1,0,0,0,1,4,1,0,2,0,1,2,0,1,1,1,0,0,1,0,0,0,0,0,0,1,0,0,0,0,0,62,31017
MATEUS LEME,2,9,4,4,2,1,2,2,2,0,1,2,0,0,0,0,0,0,1,1,0,0,0,1,0,0,0,0,0,0,0,0,0,0,0,0,0,0,0,0,0,0,0,34,31017
FLORESTAL,0,0,0,0,1,0,0,2,0,0,1,1,0,3,0,0,0,0,1,4,0,0,0,0,0,0,0,0,0,0,0,0,0,0,0,0,0,0,0,0,0,0,0,13,31017
CRUCILANDIA,0,0,0,0,0,0,0,0,0,0,0,0,0,0,1,2,0,0,0,0,1,0,0,0,0,0,0,0,0,0,0,0,0,0,0,0,0,0,0,0,0,0,0,4,31017
MARIO CAMPOS,0,0,1,2,2,0,0,4,2,0,1,0,1,1,0,1,0,2,2,5,3,0,0,4,1,1,2,0,0,0,0,1,0,0,0,0,0,0,0,0,0,0,0,36,31017
BETIM,3,21,61,101,62,114,92,190,193,183,186,253,156,208,221,248,237,193,220,144,166,85,29,22,24,16,33,19,19,10,9,8,8,6,3,1,2,3,2,2,0,2,0,3555,31017
BONFIM,0,0,0,1,0,0,2,1,0,3,1,0,2,2,0,0,0,0,0,0,0,0,0,0,0,0,0,0,0,0,0,0,0,0,0,0,0,0,0,0,0,0,0,12,31017
SAO JOAQUIM DE BICAS,0,2,0,0,0,0,0,1,0,1,1,2,1,0,1,0,0,0,10,13,5,5,3,1,0,0,1,0,1,0,0,0,1,1,0,0,0,0,0,0,0,0,0,50,31017
ESMERALDAS,0,1,1,8,2,4,2,3,3,5,3,9,6,6,1,6,5,3,5,5,4,4,6,2,6,1,2,0,1,3,0,0,0,0,0,1,0,0,0,1,0,0,0,109,31017
IGARAPE,2,1,1,1,1,2,1,0,0,0,1,2,2,1,1,5,10,8,17,12,5,4,4,2,5,9,2,3,2,4,9,2,0,0,0,1,0,1,1,2,2,0,0,126,31017
BRUMADINHO,3,1,1,0,2,3,0,1,4,3,3,5,2,2,2,0,3,2,1,3,0,2,2,1,4,0,1,0,0,0,0,2,1,0,0,1,0,1,0,1,1,0,0,58,31017
PIEDADE DOS GERAIS,0,0,0,1,0,0,0,0,0,0,0,0,0,0,0,0,0,0,0,0,0,0,0,0,0,0,0,0,0,0,0,0,0,0,0,0,0,0,0,0,0,0,0,1,31017
CONTAGEM,6,20,33,66,136,153,138,224,253,357,359,364,312,364,273,363,290,230,155,148,127,76,88,62,57,49,38,26,16,11,15,10,8,5,12,8,3,4,5,5,0,0,0,4869,31018
IBIRITE,3,9,7,1,22,21,19,7,13,10,10,19,9,10,18,9,8,11,7,2,6,2,13,6,6,3,8,3,3,2,1,0,4,3,1,1,1,0,0,1,0,0,0,279,31018
SARZEDO,16,1,6,1,3,1,2,2,4,5,6,10,3,7,3,11,2,7,4,6,2,9,15,10,6,4,3,3,2,1,4,5,0,0,6,2,2,1,1,1,5,1,0,183,31018
TRES MARIAS,0,1,0,1,1,23,7,28,23,3,2,1,1,4,2,2,1,3,0,1,2,0,1,1,1,0,0,0,0,0,0,0,0,0,0,0,0,0,0,0,0,0,0,109,31019
SANTO HIPOLITO,4,11,15,24,56,50,52,65,44,17,23,9,4,7,5,0,0,0,0,0,0,0,0,0,0,0,0,0,0,0,0,0,0,0,0,0,0,0,0,0,0,0,0,386,31019
BUENOPOLIS,0,1,0,1,1,0,0,10,8,7,5,5,0,0,0,1,0,0,1,0,0,0,0,0,0,0,0,0,0,0,0,0,0,0,0,1,0,0,0,0,0,0,0,41,31019
AUGUSTO DE LIMA,0,0,0,1,2,0,3,0,0,2,6,5,9,5,1,0,1,0,0,0,0,0,0,0,0,0,0,0,0,0,0,0,0,0,0,0,0,0,0,0,0,0,0,35,31019
CORINTO,0,0,0,1,4,3,11,17,8,24,31,27,17,12,3,3,6,2,2,2,0,1,1,0,0,0,0,0,0,0,0,0,0,0,0,0,0,0,0,0,0,0,0,175,31019
FELIXLANDIA,0,0,0,3,3,12,6,13,27,36,30,13,13,14,9,22,18,19,17,22,20,17,19,13,13,5,5,3,6,6,6,1,1,0,0,1,0,1,0,0,0,0,0,394,31019
CURVELO,2,0,4,5,2,3,3,12,5,15,11,3,4,3,5,1,1,0,0,0,0,0,0,0,0,0,0,0,0,0,1,2,0,1,1,1,0,1,0,0,0,0,0,86,31019
PRESIDENTE JUSCELINO,0,0,1,0,0,1,1,2,2,0,1,0,0,1,2,0,1,0,1,1,0,2,1,0,0,1,0,0,0,0,0,0,0,0,0,0,0,0,0,0,0,0,0,18,31019
MONJOLOS,0,0,2,0,2,2,2,1,0,0,4,2,0,1,1,1,0,0,1,0,0,0,0,0,0,0,0,0,0,0,0,0,0,0,0,0,0,0,0,0,0,0,0,19,31019
INIMUTABA,0,0,0,0,0,0,0,3,0,1,0,0,0,0,0,2,1,0,0,0,0,0,0,0,0,0,0,0,0,0,0,0,0,0,0,0,0,0,0,0,0,0,0,7,31019
MORRO DA GARCA,0,0,0,0,0,0,0,0,1,1,2,1,1,0,3,0,0,0,0,0,0,0,0,0,0,0,0,0,0,0,0,0,0,0,0,0,0,0,0,0,0,0,0,9,31019
VIRGINOPOLIS,0,0,3,0,1,1,1,1,4,6,2,2,3,0,1,0,0,0,0,0,0,0,0,0,0,0,0,0,0,0,1,0,0,0,0,0,0,0,0,0,0,0,0,26,31020
SENHORA DO PORTO,0,0,0,0,0,0,1,1,1,0,0,0,0,2,0,0,0,0,0,0,0,0,0,0,0,0,0,0,0,0,0,0,0,0,0,0,0,0,0,0,0,0,0,5,31020
DORES DE GUANHAES,1,2,0,2,8,1,7,10,3,3,0,2,1,0,0,1,0,0,0,0,1,0,0,0,0,0,0,0,0,0,0,0,1,0,0,0,0,0,0,0,0,0,0,43,31020
GUANHAES,1,0,2,4,3,0,4,4,8,10,27,11,5,6,6,1,1,2,3,0,1,1,0,0,0,0,0,0,1,0,1,1,2,0,1,0,0,0,0,0,0,0,0,106,31020
DOM JOAQUIM,0,0,0,0,0,0,0,0,0,0,1,0,0,0,0,0,0,0,0,0,0,0,0,0,0,0,0,0,0,0,0,0,0,0,0,0,0,0,0,0,0,0,0,1,31020
SABINOPOLIS,0,0,0,0,1,0,0,0,0,0,0,2,0,1,0,0,0,0,0,0,0,0,1,0,0,0,0,0,0,0,0,1,0,0,0,0,0,0,0,0,0,0,0,6,31020
MATERLANDIA,0,0,0,0,1,0,0,0,0,0,0,1,0,2,1,0,0,0,0,0,0,0,0,0,0,0,0,0,0,0,0,0,0,0,0,0,0,0,0,0,0,0,0,5,31020
CARMESIA,0,0,0,1,0,0,0,0,0,0,0,0,0,0,0,0,1,0,0,0,0,0,0,0,0,0,0,0,0,0,0,0,0,0,0,0,0,0,0,0,0,0,0,2,31020
SANTA MARIA DE ITABIRA,1,2,0,1,0,1,3,3,1,0,1,1,0,0,0,0,0,0,0,0,0,0,0,1,0,0,0,0,0,0,0,0,0,0,0,0,0,0,0,0,0,0,0,15,31021
SANTA BARBARA,7,13,9,9,2,3,2,5,1,1,4,1,0,1,4,0,0,0,0,0,0,1,0,0,0,1,0,0,0,0,0,0,0,0,0,0,0,0,0,0,0,0,0,64,31021
FERROS,1,0,1,0,1,3,2,3,2,1,2,1,0,1,1,1,0,1,1,3,0,0,0,0,0,0,0,0,0,0,0,0,0,0,0,0,0,0,0,0,0,0,0,25,31021
SANTO ANTONIO DO RIO ABAIXO,0,0,0,0,0,0,0,0,0,0,0,0,1,0,0,0,0,0,0,0,0,0,0,0,0,0,0,0,0,0,0,0,0,0,0,0,0,0,0,0,0,0,0,1,31021
SAO GONCALO DO RIO ABAIXO,0,0,0,0,0,0,0,1,1,7,5,2,4,3,6,3,4,4,1,2,0,1,0,0,0,0,0,0,0,0,0,0,0,0,0,0,0,0,0,0,0,0,0,44,31021
ITABIRA,10,44,40,16,30,29,27,15,32,12,4,16,16,17,13,14,23,16,28,24,13,7,9,11,2,5,0,1,1,0,0,0,8,0,0,0,0,1,1,0,0,0,1,486,31021
SAO SEBASTIAO DO RIO PRETO,0,0,1,0,0,0,0,0,1,1,1,0,0,0,1,0,0,0,0,0,0,0,0,0,0,0,0,0,0,0,0,0,0,0,0,0,0,0,0,0,0,0,0,5,31021
MORRO DO PILAR,0,0,0,0,1,0,0,0,1,0,0,0,0,0,0,0,0,0,0,0,0,0,0,0,0,0,0,0,0,0,0,0,0,0,0,0,0,0,0,0,0,0,0,2,31021
BOM JESUS DO AMPARO,0,0,1,0,0,0,0,1,0,1,1,1,0,0,0,1,0,0,0,0,0,0,0,0,0,0,0,0,0,0,0,0,0,0,0,0,0,0,0,0,0,0,0,6,31021
PASSABEM,0,0,0,0,0,0,0,0,0,0,0,0,0,0,0,0,0,0,0,0,0,0,0,1,0,0,0,0,0,0,0,0,0,0,0,0,0,0,0,0,0,0,0,1,31021
CATAS ALTAS,0,0,0,0,0,0,0,0,1,0,0,0,0,0,0,0,0,0,0,0,0,0,0,0,0,0,0,0,0,0,0,0,0,0,0,0,0,0,0,0,0,0,0,1,31021
BARAO DE COCAIS,0,0,0,1,1,1,0,0,2,4,1,0,2,2,2,1,0,1,1,0,1,0,0,0,0,0,0,0,0,0,0,0,0,0,0,0,0,0,0,0,0,0,0,20,31021
OURO PRETO,0,1,0,2,0,0,2,3,2,4,1,2,2,2,2,0,1,0,0,0,0,0,0,1,0,0,0,0,0,0,0,0,0,0,0,0,0,0,0,0,0,0,0,25,31022
MARIANA,2,1,1,1,0,2,4,4,3,8,7,7,8,10,9,10,8,4,5,6,2,4,0,2,0,1,0,3,0,2,0,0,0,1,0,0,1,1,0,0,2,0,0,119,31022
ITABIRITO,0,1,0,0,0,1,0,2,2,0,1,1,1,3,2,2,2,0,3,2,0,1,0,0,0,2,0,0,0,0,0,0,0,0,0,0,1,0,0,0,0,0,0,27,31022
RIO PIRACICABA,0,1,1,0,1,3,3,6,5,4,2,6,2,2,0,0,0,2,0,2,0,1,0,0,0,0,0,0,0,0,0,0,0,0,0,0,0,0,0,0,0,0,0,41,31023
BELA VISTA DE MINAS,0,1,0,4,2,3,4,16,2,5,1,2,5,3,5,2,0,0,7,9,3,1,2,0,0,0,0,0,0,0,0,0,0,0,0,0,0,0,0,0,0,0,0,77,31023
JOAO MONLEVADE,1,14,15,67,126,169,128,174,164,179,257,251,181,92,62,30,41,21,18,12,12,14,4,4,1,0,2,0,0,0,0,2,3,2,1,0,0,1,0,2,1,0,0,2051,31023
SAO DOMINGOS DO PRATA,1,1,1,10,22,21,38,66,52,56,40,14,6,11,10,4,1,1,0,0,0,0,0,0,0,0,0,0,0,0,0,0,0,0,0,0,0,0,0,0,0,0,0,355,31023
NOVA ERA,0,1,10,6,10,67,49,59,31,27,18,7,7,7,6,9,4,11,3,1,0,0,0,0,0,0,0,0,0,0,0,0,0,0,0,0,0,0,0,0,0,0,0,333,31023
PAINEIRAS,0,0,0,0,1,0,0,0,1,0,0,7,0,2,0,0,0,1,0,0,0,0,0,0,0,0,0,0,0,0,0,0,0,0,0,0,0,0,0,0,0,0,0,12,31024
MARAVILHAS,0,1,0,0,0,1,1,8,10,20,13,4,0,2,4,4,0,0,0,0,0,1,0,0,2,0,0,0,0,0,0,0,0,0,0,0,0,0,0,0,0,0,0,71,31024
CAETANOPOLIS,2,1,6,7,11,23,27,43,64,56,67,69,63,74,64,29,55,34,23,26,10,4,8,2,3,0,4,0,0,1,1,0,0,0,1,0,0,0,0,1,0,1,0,780,31024
JEQUITIBA,0,0,0,0,4,3,2,2,2,2,4,2,0,0,0,0,0,0,0,0,0,0,0,0,0,1,1,0,0,0,0,0,0,0,0,0,0,0,0,0,0,0,0,23,31024
PEQUI,0,0,0,0,0,0,0,0,0,0,0,7,15,23,20,21,24,39,19,17,11,9,14,10,1,3,1,2,0,0,0,0,0,0,0,0,0,0,0,0,0,0,0,236,31024
POMPEU,0,2,0,1,1,1,1,9,10,5,24,18,4,1,6,4,0,0,24,0,0,0,0,0,1,0,0,0,0,0,1,0,0,0,0,0,0,0,0,1,1,0,0,115,31024
BIQUINHAS,0,0,0,0,0,0,0,1,0,1,0,0,0,0,0,0,0,2,0,0,0,0,0,0,1,1,0,0,0,0,0,0,0,0,0,0,0,0,0,0,0,0,0,6,31024
FUNILANDIA,13,28,46,52,95,58,22,21,42,31,20,15,5,7,2,2,0,4,2,2,1,1,0,0,1,0,0,0,0,0,0,0,0,0,0,0,0,0,0,0,0,0,0,470,31024
CEDRO DO ABAETE,0,0,0,0,0,0,1,0,1,1,1,0,0,0,0,0,0,0,0,0,1,0,0,3,0,0,0,0,0,0,0,0,0,0,0,0,0,0,0,0,0,0,0,8,31024
SETE LAGOAS,395,846,981,1834,2540,2192,2112,2585,1971,1597,1192,860,556,462,307,225,139,82,86,39,48,13,13,7,10,30,13,8,8,2,4,3,4,2,2,5,5,4,6,6,6,2,0,21202,31024
MORADA NOVA DE MINAS,0,0,0,0,0,0,1,0,0,0,0,1,3,1,0,1,0,0,0,0,0,0,0,0,0,0,0,0,0,0,0,0,0,0,0,0,0,0,0,0,0,0,0,7,31024
CORDISBURGO,0,0,1,1,2,1,3,2,5,9,14,2,3,2,10,22,42,23,21,20,3,6,0,4,0,0,0,0,0,0,0,0,0,0,0,0,0,0,0,0,0,0,0,196,31024
INHAUMA,1,1,9,9,21,26,26,33,0,4,57,71,43,36,37,19,5,3,1,3,2,0,3,0,0,1,0,0,0,0,0,0,0,0,0,0,0,0,0,0,0,0,0,411,31024
SANTANA DE PIRAPAMA,0,4,8,31,59,70,93,67,42,13,56,29,13,4,4,3,5,1,0,1,0,0,0,0,0,0,0,0,0,0,0,1,0,0,0,0,0,0,0,0,0,0,0,504,31024
BALDIM,1,1,0,17,14,14,3,21,24,16,25,32,40,37,28,17,7,0,1,0,0,0,0,0,0,0,0,0,0,0,0,0,0,0,0,0,0,0,0,0,0,0,0,298,31024
PARAOPEBA,9,13,14,34,18,63,32,53,71,82,50,54,31,37,19,19,20,15,15,9,11,2,2,1,1,1,5,0,0,0,0,0,0,0,0,0,0,0,1,0,0,0,0,682,31024
CAPIM BRANCO,1,1,0,4,2,5,0,2,1,2,0,5,2,2,3,0,0,0,1,1,1,0,0,0,0,0,0,0,1,0,0,0,0,0,0,0,0,0,0,0,0,0,0,34,31024
CACHOEIRA DA PRATA,1,2,10,15,37,34,30,52,31,11,25,18,7,6,1,8,3,0,0,1,1,0,1,0,0,0,0,0,0,0,0,0,0,0,0,1,0,0,0,0,0,0,0,295,31024
QUARTEL GERAL,1,1,0,0,0,0,2,2,4,5,8,5,5,8,16,17,29,12,8,15,16,7,4,1,1,1,0,0,0,0,0,0,0,0,0,0,0,0,0,0,0,0,0,168,31024
ABAETE,0,0,0,3,15,32,46,114,218,263,299,262,145,174,127,84,31,35,15,9,15,9,8,0,2,2,3,1,0,0,0,1,0,0,0,0,0,0,0,0,0,0,0,1913,31024
ARACAI,0,1,0,1,0,3,2,1,5,7,7,7,15,10,5,4,3,0,0,0,0,0,0,0,0,0,0,0,0,0,0,0,0,0,0,0,0,0,0,0,0,0,0,71,31024
PAPAGAIOS,1,2,8,8,9,1,11,39,67,35,10,13,4,3,5,7,5,4,4,1,1,0,3,0,1,1,0,0,0,0,0,0,0,0,0,0,0,0,0,0,0,0,0,243,31024
PRUDENTE DE MORAIS,5,6,1,6,7,9,12,7,11,11,15,7,10,5,5,4,3,0,3,3,5,0,0,0,0,2,1,1,0,0,1,1,0,1,0,1,0,1,0,3,0,0,0,147,31024
FORTUNA DE MINAS,3,3,19,74,143,123,121,113,67,39,63,17,8,9,11,13,4,1,0,0,1,0,0,0,0,0,0,0,0,0,0,1,0,0,0,0,0,0,0,0,0,0,0,833,31024
LAGOA SANTA,3,3,3,4,1,1,1,4,12,12,22,43,18,34,40,40,46,45,18,18,28,15,9,4,18,5,9,51,0,1,4,2,2,3,1,0,1,4,0,0,0,0,0,525,31025
SAO JOSE DA LAPA,0,3,3,4,4,5,1,4,2,4,9,2,2,1,0,3,5,7,2,8,4,1,1,2,1,1,0,0,1,0,0,0,0,0,3,0,0,0,0,0,0,0,0,83,31025
CONFINS,0,0,0,0,0,2,0,2,2,0,1,4,2,12,4,5,7,0,4,0,0,0,0,0,0,1,2,7,1,0,0,0,0,0,0,0,0,0,0,0,0,0,0,56,31025
SANTANA DO RIACHO,0,0,0,0,5,2,6,5,3,1,0,3,0,0,0,0,0,0,0,0,0,0,0,0,0,0,0,0,0,0,0,0,0,0,0,0,0,0,0,0,0,0,0,25,31025
PEDRO LEOPOLDO,1,2,1,7,9,9,5,25,35,30,54,55,46,31,12,19,30,8,26,13,13,9,8,3,8,2,12,25,10,0,1,0,0,3,0,0,0,0,0,0,0,0,0,512,31025
VESPASIANO,5,7,10,14,6,7,6,11,5,5,6,4,5,5,6,3,11,1,4,2,3,0,4,3,2,0,3,1,1,1,2,0,0,0,0,0,2,0,2,0,0,0,0,147,31025
MATOZINHOS,4,10,30,71,127,116,178,172,190,169,182,114,62,35,100,20,35,31,49,7,4,9,3,5,0,0,4,0,2,0,0,0,0,0,0,0,0,0,0,0,2,0,0,1731,31025
COLUNA,0,0,0,0,0,0,0,0,0,0,1,0,1,0,0,0,0,0,0,0,0,0,0,0,0,0,0,0,0,0,0,0,0,0,0,0,0,0,0,0,0,0,0,2,31026
SAO GONCALO DO RIO PRETO,0,0,0,0,0,0,0,0,1,0,0,0,0,0,1,0,3,0,0,0,0,0,0,0,0,0,0,0,0,0,0,0,0,0,0,0,0,0,0,0,0,0,0,5,31026
GOUVEIA,0,0,0,0,1,0,0,0,0,0,0,0,0,0,0,0,0,0,0,1,0,0,0,0,0,0,0,0,0,0,0,0,0,0,0,0,0,0,0,0,0,0,0,2,31026
COUTO DE MAGALHAES DE MINAS,0,0,0,0,0,2,5,31,27,40,23,28,43,35,22,14,10,7,2,1,0,0,0,6,0,0,0,0,0,0,0,0,0,0,0,0,0,0,0,0,0,0,0,296,31026
FELICIO DOS SANTOS,1,0,0,0,0,0,0,0,0,0,0,0,0,0,0,0,0,0,0,0,0,0,0,0,0,0,0,0,0,0,0,0,0,0,0,0,0,0,0,0,0,0,0,1,31026
ITAMARANDIBA,0,3,0,1,0,1,0,0,1,2,1,2,0,0,0,1,1,0,0,0,0,0,0,0,0,0,0,0,0,0,0,0,0,0,0,0,0,0,0,0,0,0,0,13,31026
CARBONITA,0,0,0,1,0,0,1,0,0,1,0,1,0,0,0,0,0,0,0,0,0,1,0,0,0,0,0,0,0,0,0,0,0,0,0,0,0,0,0,0,0,0,0,5,31026
DATAS,0,0,0,0,0,1,0,0,0,0,1,0,0,0,0,0,0,0,0,0,0,0,0,0,0,0,0,0,0,0,0,0,0,0,0,0,0,0,0,0,0,0,0,2,31026
PRESIDENTE KUBITSCHEK,0,0,0,0,0,1,0,0,0,0,1,0,0,0,2,0,0,0,0,0,0,0,0,0,0,0,0,0,0,0,0,0,0,0,0,0,0,0,0,0,0,0,0,4,31026
DIAMANTINA,0,1,8,7,7,5,14,22,9,11,8,10,17,32,11,6,1,10,3,0,3,0,0,0,4,1,0,0,0,0,0,0,0,1,0,0,0,0,0,0,0,0,0,191,31026
CHAPADA DO NORTE,0,0,0,1,0,0,0,0,2,2,0,0,0,0,1,0,0,0,1,0,0,0,0,0,1,0,0,0,0,0,0,0,0,0,0,0,0,0,0,0,0,0,0,8,31027
ARICANDUVA,0,0,0,0,0,0,0,0,0,0,0,0,1,1,0,0,0,0,0,0,0,0,0,0,0,0,0,0,0,0,0,0,0,0,0,0,0,0,0,0,0,0,0,2,31027
CAPELINHA,0,0,0,0,0,2,1,3,3,5,6,2,4,1,1,3,1,1,0,0,0,0,1,0,0,0,0,0,0,0,0,0,1,0,0,0,0,1,0,1,0,1,0,38,31027
LEME DO PRADO,0,0,0,0,0,0,0,0,0,0,0,0,0,0,1,0,0,0,0,0,0,0,0,0,0,0,0,0,0,0,0,0,0,0,0,0,0,0,0,0,0,0,0,1,31027
VEREDINHA,0,0,0,0,0,0,0,0,0,0,0,3,1,3,0,0,0,0,0,0,0,1,0,0,0,0,0,0,0,0,0,0,0,0,0,0,0,0,0,0,0,0,0,8,31027
MINAS NOVAS,21,0,5,2,6,0,3,0,1,1,1,1,0,3,2,1,2,1,0,0,0,0,0,0,0,0,0,0,0,1,0,0,0,0,0,0,0,0,0,0,0,0,0,51,31027
TURMALINA,2,4,7,8,25,16,41,36,18,36,22,24,37,46,34,10,13,4,1,2,0,1,1,0,0,0,0,0,0,0,0,0,0,0,0,0,0,0,0,0,0,0,0,388,31027
BOM DESPACHO,0,0,0,0,0,1,0,0,4,0,0,0,1,0,0,0,3,0,2,2,0,0,1,1,0,0,0,0,1,1,2,2,0,0,0,0,2,1,0,2,0,1,0,27,31028
SERRA DA SAUDADE,0,0,0,0,2,2,0,0,0,0,0,0,0,0,0,0,0,0,0,1,0,0,0,0,0,0,0,0,0,0,0,0,0,0,0,0,0,0,0,0,0,0,0,5,31028
ESTRELA DO INDAIA,0,0,0,0,0,0,0,0,0,0,0,0,0,0,0,0,0,0,0,1,9,1,0,0,0,0,0,0,0,0,0,0,0,0,0,0,0,0,0,0,0,0,0,11,31028
DORES DO INDAIA,0,0,0,0,0,0,0,0,1,0,0,3,1,2,2,5,3,1,1,0,2,0,0,1,0,0,2,1,0,0,2,0,0,0,0,0,0,0,0,0,0,0,0,27,31028
LUZ,0,0,0,0,0,1,0,3,4,1,4,2,8,30,102,176,158,166,157,135,115,37,7,7,4,0,2,0,0,0,0,0,0,0,0,0,0,0,0,0,0,0,0,1119,31028
MARTINHO CAMPOS,0,0,1,2,0,1,0,13,4,22,19,20,50,113,114,133,115,61,105,69,49,22,26,14,31,12,4,1,4,3,5,4,2,1,5,1,0,1,3,0,2,0,0,1032,31028
BAMBUI,0,0,0,0,0,0,0,0,1,1,0,0,1,0,2,1,0,0,0,0,3,0,0,0,1,0,0,0,0,0,0,0,0,0,0,0,0,0,0,0,0,0,0,10,31030
IGUATAMA,0,2,0,0,0,0,1,4,3,0,0,1,0,0,1,2,0,0,0,0,0,0,0,0,0,0,0,0,0,0,0,0,0,0,0,0,0,0,0,0,0,0,0,14,31030
CORREGO DANTA,0,0,0,0,0,0,0,0,0,0,0,0,0,0,0,0,0,0,0,1,0,0,0,0,0,0,0,0,0,0,0,0,0,0,0,0,0,0,0,0,0,0,0,1,31030
FORMIGA,8,11,15,35,23,32,66,92,106,62,28,115,19,0,5,1,1,1,3,4,2,3,0,1,1,0,0,1,0,1,0,0,0,0,0,0,0,0,0,0,1,0,0,637,31030
CORREGO FUNDO,0,0,1,1,0,0,5,3,2,2,2,5,1,0,1,0,0,0,0,1,0,0,0,0,0,0,0,0,1,0,0,0,0,0,0,0,1,0,0,0,0,0,0,26,31030
MEDEIROS,0,0,0,0,0,0,0,0,0,0,0,1,0,0,0,0,0,0,0,0,0,0,0,0,0,0,0,0,0,0,0,0,0,0,1,0,0,0,0,0,0,0,0,2,31030
PAINS,2,0,0,0,0,0,0,0,0,0,0,0,0,0,0,0,0,0,0,0,0,0,0,0,0,0,0,0,0,0,0,0,0,0,0,0,0,0,0,0,0,0,0,2,31030
ITAUNA,6,7,7,13,21,25,23,34,21,34,32,19,12,37,46,25,1,2,4,6,2,2,3,1,3,0,0,1,1,0,0,1,2,0,1,0,1,0,0,0,1,0,0,394,31031
ITAGUARA,0,0,0,0,0,0,0,0,0,0,0,0,0,2,4,0,0,0,0,0,0,0,0,0,0,0,0,0,0,0,0,0,0,0,0,0,0,0,0,0,0,0,0,6,31031
ITATIAIUCU,0,0,0,0,2,1,0,0,0,0,3,0,0,2,0,1,0,1,0,0,1,0,0,0,0,0,0,0,0,0,0,0,0,0,0,0,0,0,0,0,0,0,0,11,31031
PIRACEMA,0,0,0,0,0,0,1,0,0,0,1,1,0,0,0,0,0,0,0,0,0,0,0,0,0,0,0,0,0,0,0,0,0,0,0,0,0,0,0,0,0,0,0,3,31031
PITANGUI,0,0,0,2,2,3,1,5,8,1,9,6,8,7,0,0,1,1,1,0,0,0,0,0,0,0,0,0,0,0,0,0,0,0,0,0,0,0,1,0,0,0,0,56,31032
LEANDRO FERREIRA,0,0,0,0,0,0,1,0,0,0,0,0,0,0,0,0,0,0,0,1,1,0,0,0,0,0,0,0,0,0,0,0,0,0,0,0,0,0,0,0,0,0,0,3,31032
NOVA SERRANA,1,2,0,0,1,3,4,12,5,7,10,6,3,1,5,3,3,2,5,3,1,1,1,0,1,0,1,0,0,0,0,0,0,1,0,0,0,0,1,0,0,0,0,83,31032
PARA DE MINAS,6,18,12,27,17,49,41,115,103,233,123,148,170,116,99,150,110,169,212,116,96,46,60,37,22,15,12,6,3,5,2,2,1,0,6,2,3,3,2,0,0,0,0,2357,31032
SAO JOSE DA VARGINHA,0,0,0,0,2,0,3,2,0,0,0,1,1,0,1,1,2,1,4,0,0,3,0,0,0,6,0,9,0,3,0,0,1,1,0,0,0,0,0,0,1,2,0,44,31032
CONCEICAO DO PARA,0,0,0,0,0,0,0,1,0,0,0,0,2,0,0,0,1,0,2,1,2,0,1,0,0,0,0,0,0,0,0,0,0,0,0,0,0,0,0,0,0,0,0,10,31032
ONCA DE PITANGUI,0,0,0,0,0,0,0,0,0,0,0,0,0,0,0,1,0,0,0,0,1,0,0,0,0,0,0,0,0,0,0,0,0,0,0,0,0,0,0,0,0,0,0,2,31032
IGARATINGA,0,0,0,0,0,1,0,0,2,2,0,1,0,1,2,1,8,4,5,5,3,6,9,10,10,1,0,0,0,0,0,0,0,0,0,0,0,0,0,0,0,0,0,71,31032
VERMELHO NOVO,0,0,0,0,0,0,0,1,1,0,1,1,0,0,0,0,0,0,0,0,0,0,0,0,0,0,0,0,0,0,0,0,0,0,0,0,0,0,0,0,0,0,0,4,31034
PIEDADE DE CARATINGA,0,0,0,0,0,1,1,1,0,0,0,4,5,0,2,2,1,0,0,0,0,0,0,0,0,0,0,0,0,0,0,0,0,0,0,0,0,0,0,0,0,0,0,17,31034
SANTA BARBARA DO LESTE,0,0,0,0,0,0,0,0,1,0,0,0,0,1,1,0,0,0,0,0,0,0,0,0,0,0,0,0,0,0,0,0,0,0,0,0,0,0,0,0,0,0,0,3,31034
ENTRE FOLHAS,0,1,0,2,3,4,1,5,5,7,2,3,2,0,0,0,0,0,0,0,0,0,0,0,0,0,0,0,0,0,0,0,0,0,0,0,0,0,0,0,0,0,0,35,31034
CARATINGA,2,11,10,10,14,47,210,104,126,31,29,84,34,10,11,3,3,5,1,1,0,0,1,0,0,0,0,0,0,0,0,0,0,0,0,0,0,0,0,0,0,0,0,747,31034
IMBE DE MINAS,0,0,0,0,1,0,0,3,1,1,0,0,3,1,5,0,0,0,1,0,0,1,0,0,0,0,0,0,0,0,0,0,0,0,0,0,0,0,0,0,0,0,0,17,31034
BOM JESUS DO GALHO,8,18,18,51,64,47,34,69,44,15,16,16,9,11,3,13,14,6,5,7,8,4,3,0,1,0,0,0,0,1,1,0,0,0,0,0,0,1,0,0,0,0,0,487,31034
SANTA RITA DE MINAS,0,0,1,1,1,0,1,0,0,0,9,5,5,9,10,6,5,1,1,0,2,0,0,0,0,1,0,0,0,0,1,0,0,1,0,0,0,0,0,0,0,0,0,60,31034
INHAPIM,5,8,24,59,44,126,112,241,237,222,194,90,45,45,26,18,15,10,6,2,1,0,0,2,0,0,0,0,1,0,0,0,0,0,1,0,0,0,0,0,0,1,0,1535,31034
SAO SEBASTIAO DO ANTA,0,1,1,0,4,3,3,13,23,8,4,15,1,0,17,25,4,0,0,0,0,0,0,0,0,0,0,0,0,0,0,0,0,0,0,0,0,0,0,0,0,0,0,122,31034
UBAPORANGA,0,2,0,3,3,4,9,10,12,16,3,5,2,3,5,3,5,3,4,3,1,0,0,0,0,0,0,0,0,0,0,0,0,0,0,0,0,0,0,0,0,0,0,96,31034
VARGEM ALEGRE,44,50,58,108,117,53,16,29,28,11,4,8,4,3,0,1,1,0,0,0,0,0,0,0,0,0,0,0,0,0,0,0,0,0,0,0,0,0,0,0,0,0,0,535,31034
SAO DOMINGOS DAS DORES,0,0,0,0,0,0,1,1,1,0,0,0,0,0,0,0,0,0,0,0,0,0,0,0,0,0,0,0,0,0,0,0,0,0,0,0,0,0,0,0,0,0,0,3,31034
CORREGO NOVO,0,0,0,1,2,0,0,1,2,1,0,0,0,0,0,0,0,0,0,0,0,0,0,0,0,0,0,0,0,0,0,0,0,0,0,1,0,0,0,0,0,0,0,8,31035
PINGO-D'AGUA,1,2,8,12,13,45,23,23,21,10,14,11,0,0,0,0,1,1,0,0,0,0,0,0,0,0,0,0,0,0,0,0,0,0,0,0,0,0,0,0,0,0,0,185,31035
CORONEL FABRICIANO,630,1024,1130,1291,1345,1088,559,953,835,482,446,281,156,208,125,150,94,43,66,56,28,12,8,12,8,16,10,7,13,4,3,7,2,10,7,5,4,3,4,2,3,0,0,11130,31035
JAGUARACU,8,12,10,10,7,3,2,9,9,1,7,0,1,0,0,0,0,0,2,0,0,0,0,0,0,0,0,0,0,0,0,0,0,0,0,0,0,0,0,0,0,0,0,81,31035
MARLIERIA,7,4,7,8,16,43,7,29,5,16,9,13,3,8,5,4,0,0,0,0,0,0,0,0,0,0,0,0,0,0,0,0,0,0,1,0,0,0,0,0,0,0,0,185,31035
ANTONIO DIAS,3,1,2,3,6,4,3,3,2,4,1,2,5,1,0,1,1,1,0,0,0,0,0,0,0,0,0,0,0,0,0,0,0,0,0,0,0,0,0,0,0,0,0,43,31035
DIONISIO,0,2,4,5,3,0,2,25,25,7,4,1,0,0,0,0,0,0,0,0,0,0,0,0,0,0,0,0,0,0,0,0,0,0,0,0,0,0,0,0,0,0,0,78,31035
TIMOTEO,631,1018,1110,972,862,596,339,356,265,159,250,123,76,133,233,58,25,6,15,14,8,5,9,6,6,2,2,0,0,1,0,3,0,0,1,1,0,0,2,0,0,0,0,7287,31035
DIVINOLANDIA DE MINAS,3,0,5,9,23,31,31,49,50,58,56,52,39,25,27,38,0,0,0,0,1,0,0,0,0,0,0,0,0,0,0,0,0,0,0,0,0,0,0,0,0,0,0,497,31036
MATHIAS LOBATO,0,4,1,2,4,7,14,52,43,77,55,47,30,15,17,8,5,4,0,0,4,0,1,0,0,1,0,0,0,0,0,0,0,0,0,0,0,0,0,0,0,0,0,391,31036
ITANHOMI,31,97,66,116,84,130,137,89,92,62,40,11,7,10,2,11,3,2,1,0,0,0,0,0,0,0,0,0,0,0,0,0,0,0,0,0,0,0,0,0,0,0,0,991,31036
VIRGOLANDIA,0,0,0,0,0,2,0,13,6,2,3,4,4,10,13,22,13,11,5,15,5,1,2,0,2,0,0,0,0,1,0,0,0,0,0,0,0,0,0,0,0,0,0,134,31036
SAO JOSE DA SAFIRA,0,0,0,0,0,0,0,0,2,8,14,16,17,11,6,12,4,6,1,1,0,0,0,0,0,0,0,0,0,0,0,0,0,0,0,0,0,0,0,0,0,0,0,98,31036
FERNANDES TOURINHO,0,0,2,2,4,8,5,6,15,12,44,66,39,27,21,0,2,0,0,0,0,0,0,0,0,0,0,0,0,0,1,0,0,0,0,0,0,0,0,0,0,0,0,254,31036
SAO GERALDO DA PIEDADE,0,0,0,0,0,0,0,0,3,3,3,6,2,1,2,1,2,1,0,3,8,3,0,1,0,0,0,0,0,0,0,0,0,0,0,0,0,0,0,0,0,0,0,39,31036
GOVERNADOR VALADARES,19,35,88,78,152,375,456,1221,2147,1729,1860,1895,843,617,436,383,285,289,361,139,118,209,427,224,196,42,168,252,192,115,56,144,35,45,18,21,4,15,21,5,2,0,0,15717,31036
ALVARENGA,0,0,0,0,2,2,1,1,10,10,7,7,2,10,11,3,0,1,8,5,4,0,0,0,0,0,0,0,0,0,0,0,0,0,0,0,0,0,0,0,0,0,0,84,31036
SAO GERALDO DO BAIXIO,0,0,0,0,1,0,0,2,9,13,6,0,1,0,0,0,0,2,0,0,0,0,0,0,0,0,0,0,0,0,0,0,0,0,0,0,0,0,0,0,0,0,0,34,31036
SARDOA,0,0,0,0,0,0,0,0,0,0,0,0,0,0,0,1,0,0,0,0,0,0,0,0,0,0,0,0,0,0,0,0,0,0,0,0,0,0,0,0,0,0,0,1,31036
SOBRALIA,1,0,8,6,5,5,77,81,225,121,150,64,17,19,2,0,0,0,2,1,0,1,0,1,0,0,0,0,0,0,0,1,5,0,0,0,0,0,0,3,0,0,0,795,31036
GALILEIA,0,3,0,1,2,3,2,0,2,4,16,10,6,10,4,6,2,1,4,11,0,1,0,0,0,0,0,0,0,0,0,0,0,0,0,0,0,0,0,0,0,0,0,88,31036
ENGENHEIRO CALDAS,0,0,1,3,4,3,7,23,15,32,27,11,7,13,11,2,2,7,3,16,1,1,2,29,2,2,41,0,1,0,0,1,0,0,1,0,0,0,0,0,0,1,0,269,31036
CAPITAO ANDRADE,0,3,7,2,3,6,4,10,7,6,13,11,1,2,1,0,0,0,0,0,0,0,0,0,0,0,0,0,0,0,0,0,0,0,0,0,0,0,0,0,0,0,0,76,31036
SANTA EFIGENIA DE MINAS,0,0,0,0,0,0,1,0,1,1,3,1,0,1,1,2,1,0,0,0,0,1,0,0,0,0,0,0,0,0,0,0,0,0,0,0,0,0,0,0,0,0,0,13,31036
JAMPRUCA,0,0,0,0,0,0,0,0,0,1,3,3,7,3,4,1,0,0,0,0,0,0,0,0,0,0,0,0,0,0,0,0,0,0,0,0,0,0,0,0,0,0,0,22,31036
MARILAC,0,0,0,0,3,13,9,13,27,17,38,40,26,24,10,10,5,3,0,4,1,0,0,0,1,0,0,0,0,0,0,0,0,0,0,0,0,0,0,0,0,0,0,244,31036
COROACI,1,0,1,2,2,5,10,14,11,14,17,14,15,18,17,12,6,3,4,2,1,4,1,0,1,2,0,0,0,0,0,0,0,0,0,0,1,0,0,0,1,0,0,179,31036
TUMIRITINGA,0,18,25,26,18,17,4,5,22,64,115,125,75,79,41,29,13,16,6,1,1,7,0,0,0,0,0,0,0,0,0,0,0,0,0,0,0,0,0,0,0,0,0,707,31036
TARUMIRIM,16,21,21,45,32,41,11,41,20,24,7,23,13,6,7,4,2,0,0,0,0,0,0,0,0,0,0,0,0,0,0,0,0,0,0,0,0,0,0,0,0,0,0,334,31036
ALPERCATA,3,10,6,10,14,18,29,9,37,23,6,36,12,10,5,2,1,1,0,0,0,0,1,3,0,0,1,0,1,2,0,0,0,0,0,0,0,0,1,0,0,0,0,241,31036
GONZAGA,0,0,0,1,0,0,0,0,0,0,2,0,2,2,1,2,2,3,1,9,3,2,3,1,0,2,0,0,0,1,0,0,0,0,0,0,0,0,0,0,0,0,0,37,31036
NACIP RAYDAN,0,0,0,0,9,0,2,3,5,7,1,2,0,0,3,1,0,0,0,0,0,0,0,0,0,0,0,0,0,0,0,0,0,0,0,0,0,0,0,0,0,0,0,33,31036
FREI INOCENCIO,0,0,7,2,13,15,16,15,32,21,19,34,10,9,20,3,6,4,2,6,0,2,0,0,1,0,0,0,0,0,0,0,0,0,0,0,0,0,0,0,0,0,0,237,31036
BRAUNAS,2,5,15,14,51,55,37,20,6,1,8,0,0,0,1,0,1,0,0,0,1,0,0,1,0,0,0,0,0,0,0,0,0,0,0,0,0,0,0,0,0,0,0,218,31037
PERIQUITO,2,2,6,7,5,40,28,53,48,25,9,1,0,2,1,1,2,1,0,1,0,1,0,0,0,0,0,0,0,0,0,0,0,0,0,0,0,0,0,0,0,0,0,235,31037
ACUCENA,1,1,3,4,12,27,6,13,22,17,11,13,9,10,3,2,6,2,1,0,0,1,0,0,0,0,0,0,0,0,0,0,0,0,0,0,0,0,0,0,0,0,0,164,31037
MESQUITA,19,48,49,61,27,11,20,5,6,8,7,6,8,15,16,12,7,1,1,1,2,0,0,0,1,0,0,0,0,0,0,0,0,0,0,0,0,1,0,0,0,0,0,332,31037
SANTANA DO PARAISO,84,112,190,204,256,195,99,179,175,112,79,58,34,37,16,8,17,3,10,15,3,6,2,1,2,2,1,4,1,1,1,4,0,2,1,2,2,2,2,2,1,0,0,1925,31037
IPATINGA,525,1062,1311,1640,1671,1590,1468,1427,1443,1079,868,582,288,349,222,172,127,69,93,90,74,73,98,45,59,40,24,30,33,15,19,20,26,31,24,18,19,19,27,34,19,8,0,16831,31037
SAO JOAO DO ORIENTE,0,1,4,8,23,19,37,58,61,71,57,45,34,25,26,5,6,0,0,0,1,0,0,0,0,0,0,0,0,0,0,0,0,0,0,0,0,0,0,0,0,0,0,481,31037
IAPU,1,7,6,16,39,61,21,7,12,17,41,20,10,12,12,3,4,0,2,2,1,4,0,0,0,2,0,0,0,0,2,0,0,1,1,0,0,0,0,0,0,0,0,304,31037
IPABA,10,30,99,238,403,391,449,369,205,105,25,22,11,21,7,3,7,4,8,12,3,6,0,4,2,2,1,0,2,3,2,3,0,2,2,5,1,2,1,0,0,0,0,2460,31037
NAQUE,3,8,3,8,15,24,26,23,34,9,13,8,3,4,6,2,2,0,1,0,0,2,0,0,0,0,0,0,0,0,0,0,0,0,0,0,0,0,0,0,0,0,0,194,31037
JOANESIA,35,66,82,92,78,106,109,99,82,64,67,51,58,104,107,107,68,33,27,6,2,2,6,3,0,0,1,4,0,1,3,2,5,4,0,2,0,0,1,1,0,0,0,1478,31037
BELO ORIENTE,14,45,105,132,330,313,411,492,347,179,116,88,48,27,22,21,20,4,9,4,1,3,1,0,0,0,1,39,0,0,0,0,0,0,1,0,0,1,1,0,1,5,0,2781,31037
BUGRE,4,2,14,18,25,47,40,28,24,23,21,24,18,16,7,7,5,0,1,0,0,0,0,0,0,0,0,0,0,0,0,3,0,0,0,0,0,0,0,0,0,0,0,327,31037
DOM CAVATI,1,6,10,81,138,103,96,39,37,2,0,1,0,0,0,0,1,0,0,0,0,0,0,0,0,0,0,0,0,0,0,0,0,0,0,0,0,0,0,0,0,0,0,515,31037
SAO JOAO DO MANTENINHA,0,0,0,0,0,1,0,1,3,2,9,10,3,3,1,1,4,0,1,1,1,0,1,0,0,0,0,0,0,0,0,0,0,0,0,0,0,0,0,0,0,0,0,42,31038
MENDES PIMENTEL,0,0,0,1,0,0,0,1,1,1,1,4,1,7,5,8,4,3,2,2,0,0,0,0,0,0,0,0,0,0,0,0,0,0,0,0,0,0,0,0,0,0,0,41,31038
MANTENA,0,0,0,0,0,0,0,0,1,1,0,3,0,0,0,1,1,4,1,1,0,0,1,0,0,0,0,1,0,0,1,0,0,0,0,0,0,0,0,0,0,0,0,16,31038
SAO FELIX DE MINAS,0,0,0,0,0,0,0,0,0,2,0,1,0,0,0,0,0,0,0,0,0,0,0,0,0,0,0,0,0,0,0,0,0,0,0,0,0,0,0,0,0,0,0,3,31038
ITABIRINHA,0,1,1,1,0,6,5,17,16,13,28,24,22,12,2,3,2,0,0,0,1,0,0,0,0,0,0,0,0,0,0,0,0,0,0,0,0,0,0,0,0,0,0,154,31038
DIVINO DAS LARANJEIRAS,0,0,0,0,0,0,0,0,2,11,3,6,6,16,14,5,0,0,0,0,1,0,0,0,0,0,0,0,0,0,0,0,0,0,0,0,0,0,0,0,0,0,0,64,31038
NOVA BELEM,0,0,0,0,0,0,0,0,0,0,0,0,0,1,0,0,0,0,0,0,0,0,0,0,0,0,0,0,0,0,0,0,0,0,0,0,0,0,0,0,0,0,0,1,31038
CENTRAL DE MINAS,0,2,0,0,1,7,8,6,15,32,22,28,14,23,15,17,41,70,17,37,0,0,0,0,0,0,0,0,0,0,0,0,0,0,0,0,0,0,0,0,0,0,0,355,31038
SANTA RITA DO ITUETO,0,0,0,0,1,1,0,0,0,0,2,2,1,1,0,0,2,0,0,4,0,0,0,0,0,0,0,0,0,0,0,0,0,0,0,0,0,0,0,0,0,0,0,14,31040
CONSELHEIRO PENA,0,0,3,1,1,14,15,25,30,70,142,171,145,180,103,102,46,17,12,6,6,0,1,2,1,0,1,0,0,0,0,1,0,0,0,1,0,0,0,0,0,0,0,1096,31040
CUPARAQUE,0,0,0,1,0,0,0,4,6,12,45,21,6,7,1,1,1,0,0,0,0,0,0,0,0,0,0,0,0,0,0,0,0,0,0,0,0,0,0,0,0,0,0,105,31040
GOIABEIRA,0,0,0,0,0,0,0,0,0,3,3,2,2,1,0,0,0,2,1,1,0,1,4,1,1,1,0,1,0,0,0,0,0,0,0,0,0,0,0,0,0,0,0,24,31040
AIMORES,0,1,1,2,2,5,6,20,26,29,49,30,17,30,41,27,30,21,5,12,7,3,6,3,2,1,2,1,1,3,1,1,1,1,1,2,0,1,0,0,0,3,0,394,31040
RESPLENDOR,0,0,1,3,4,10,0,4,23,15,18,8,12,16,8,5,4,4,4,2,2,1,0,0,0,0,0,1,1,1,1,0,0,0,1,0,0,0,1,1,1,0,0,152,31040
ITUETA,0,0,0,0,1,1,0,3,1,5,7,6,2,5,2,2,2,2,0,0,0,0,0,0,0,0,0,0,0,0,0,0,0,0,0,0,0,0,0,0,0,0,0,39,31040
VOLTA GRANDE,0,0,0,0,0,0,0,2,3,3,2,2,0,0,1,0,0,0,0,0,0,0,0,0,0,0,0,0,0,0,0,0,0,0,0,0,0,0,0,0,0,0,0,13,31041
ALEM PARAIBA,0,1,1,0,0,0,0,1,0,0,0,0,0,0,0,0,0,0,0,0,0,0,0,0,0,0,0,0,0,0,0,0,0,0,0,0,0,0,0,0,0,0,0,3,31041
ORIZANIA,0,0,0,0,0,0,2,0,1,0,0,0,0,0,2,0,0,0,3,0,0,0,0,0,0,0,0,0,0,0,0,0,0,0,0,0,0,0,0,0,0,0,0,8,31042
DIVINO,0,0,0,0,0,0,0,0,1,0,0,0,0,0,0,0,1,0,0,0,0,0,0,0,0,0,0,0,0,0,0,0,0,0,0,0,0,0,0,0,0,0,0,2,31042
PEDRA BONITA,0,0,0,0,0,0,0,0,0,0,0,0,0,0,0,0,0,1,0,1,0,0,0,0,0,0,0,0,0,0,0,0,0,0,0,0,0,0,0,0,0,0,0,2,31042
FERVEDOURO,0,0,0,0,0,0,0,0,0,0,0,0,0,1,0,0,0,0,0,0,0,0,0,0,0,0,0,0,0,0,0,0,0,0,0,0,0,0,0,0,0,0,0,1,31042
CARANGOLA,0,0,0,0,0,0,1,0,0,0,0,0,0,0,1,0,0,0,0,0,0,0,0,0,0,0,0,0,0,0,0,0,0,0,0,0,0,0,0,0,0,0,0,2,31042
CAIANA,0,0,0,0,0,1,0,0,0,0,0,0,0,0,0,0,0,0,0,0,0,0,0,0,0,0,0,0,0,0,0,0,0,0,0,0,0,0,0,0,0,0,0,1,31042
ESPERA FELIZ,0,0,0,1,2,2,2,1,1,0,0,1,0,0,0,0,0,0,0,0,1,0,0,0,0,0,0,0,0,0,0,0,0,0,0,1,0,0,0,0,0,0,0,12,31042
CAPARAO,0,0,0,0,0,0,0,0,0,0,0,0,0,0,1,0,1,0,0,0,0,0,0,0,0,0,0,0,0,0,0,0,0,0,0,0,0,0,0,0,0,0,0,2,31042
ASTOLFO DUTRA,0,0,0,0,0,0,0,0,0,0,0,0,0,0,0,0,0,0,0,0,0,0,0,0,0,0,0,0,0,0,0,0,0,0,0,0,0,2,0,0,0,0,0,2,31044
LEOPOLDINA,0,0,0,0,0,0,0,0,0,0,0,0,0,0,2,0,5,0,2,0,0,0,0,0,0,0,0,0,0,0,0,0,0,0,0,0,0,0,0,0,0,0,0,9,31044
CATAGUASES,1,0,0,0,0,0,0,0,0,1,1,1,0,0,1,0,0,0,1,1,0,0,0,0,0,2,2,0,0,0,0,1,0,0,0,0,0,0,0,0,0,0,0,12,31044
LARANJAL,0,0,0,0,0,0,0,0,0,0,0,0,0,0,0,0,0,0,0,0,0,0,0,0,0,0,0,0,0,0,0,0,0,0,0,0,1,0,0,0,0,0,0,1,31044
DONA EUSEBIA,0,0,0,0,1,0,0,0,0,0,3,0,0,0,0,0,0,0,0,0,0,0,0,0,0,0,0,0,0,0,0,0,0,0,0,0,0,0,0,0,0,0,0,4,31044
ARGIRITA,0,0,0,0,0,0,0,0,0,0,0,0,0,0,0,0,0,0,0,0,0,0,0,0,0,0,0,0,0,0,0,0,0,0,0,0,0,0,1,0,0,0,0,1,31044
MIRAI,0,0,0,0,0,0,0,0,0,0,0,0,0,1,2,0,2,0,0,0,0,0,0,0,0,0,0,0,0,0,0,0,0,0,0,0,0,0,0,0,0,0,0,5,31045
SAO FRANCISCO DO GLORIA,0,0,0,0,0,0,0,2,0,0,2,0,0,0,0,0,0,0,0,0,0,0,0,0,0,0,0,0,0,0,0,0,0,0,0,0,0,0,0,0,0,0,0,4,31045
BARAO DE MONTE ALTO,0,0,0,0,0,0,0,0,0,0,0,0,0,0,0,0,0,0,0,0,0,0,1,0,0,0,0,0,0,0,0,0,0,0,0,0,0,0,0,0,0,0,0,1,31045
MIRADOURO,0,0,0,0,1,1,1,0,0,0,0,0,0,0,1,0,0,0,0,0,0,0,0,0,0,0,0,0,0,0,0,0,0,0,0,0,0,0,0,0,0,0,0,4,31045
MURIAE,0,2,0,0,1,4,1,2,3,11,3,12,2,4,4,4,8,2,7,1,0,1,0,0,0,0,1,1,0,0,0,1,0,0,0,1,0,0,0,0,0,0,0,76,31045
EUGENOPOLIS,0,0,0,0,0,1,0,0,0,0,0,0,0,0,0,0,0,0,0,0,0,0,0,0,0,0,0,0,0,0,0,0,0,0,0,0,0,0,0,0,0,0,0,1,31045
SANTOS DUMONT,0,0,0,0,1,1,1,0,0,0,0,1,0,1,1,2,0,1,0,0,0,3,0,0,0,0,0,0,0,0,0,0,0,0,0,0,0,0,0,0,0,0,0,12,31046
ARACITABA,0,0,0,0,0,0,0,1,0,1,0,0,1,0,1,0,0,0,0,0,0,0,0,0,0,0,0,0,0,0,0,0,0,0,0,0,0,0,0,0,0,0,0,4,31046
BICAS,0,0,0,0,0,0,0,0,0,0,0,2,1,0,0,0,1,0,0,1,1,1,0,0,0,0,0,0,0,0,0,0,0,0,0,0,0,0,0,0,0,0,0,7,31047
SENADOR CORTES,0,0,0,0,0,0,0,0,1,0,0,0,0,0,0,0,0,0,0,0,0,0,0,0,0,0,0,0,0,0,0,0,0,0,0,0,0,0,0,0,0,0,0,1,31047
SAO JOAO NEPOMUCENO,0,0,1,1,0,0,0,0,0,1,14,0,0,0,1,0,0,0,1,0,1,0,0,0,0,0,0,1,1,0,0,0,0,0,0,0,0,0,0,1,0,0,0,23,31047
MAR DE ESPANHA,0,1,0,0,0,0,1,0,0,0,0,0,0,0,0,0,0,0,0,0,0,0,0,0,0,0,0,0,0,0,0,0,0,0,0,0,0,0,0,0,0,0,0,2,31047
PEQUERI,0,0,0,0,0,0,0,0,0,0,0,2,0,0,0,0,0,0,0,0,0,0,0,0,0,0,0,0,0,0,0,0,0,0,0,0,0,0,0,0,0,0,0,2,31047
DESCOBERTO,1,0,0,0,0,0,0,0,0,1,0,0,0,1,0,1,0,0,0,0,0,0,0,0,0,0,0,0,0,0,0,0,0,0,0,0,0,0,0,0,0,0,0,4,31047
GUIDOVAL,0,0,0,0,0,0,0,0,0,0,0,0,0,0,0,8,5,12,36,21,8,62,13,16,9,6,4,1,2,3,3,4,0,1,1,3,0,1,0,0,0,4,0,223,31048
DORES DO TURVO,0,0,0,0,0,0,0,0,0,0,0,0,0,0,4,0,5,3,6,1,3,3,0,0,0,1,0,0,0,0,0,0,0,0,0,1,0,0,0,0,0,0,0,27,31048
TABULEIRO,0,0,0,0,0,0,0,0,0,0,0,0,0,0,0,0,0,0,1,4,1,0,0,0,0,0,0,0,0,0,0,0,0,0,0,0,0,0,0,1,0,0,0,7,31048
VISCONDE DO RIO BRANCO,0,0,0,0,0,0,0,1,0,0,1,0,0,0,0,0,0,0,0,0,0,0,0,0,0,3,0,1,1,0,2,0,2,0,0,0,0,0,2,0,0,0,0,13,31048
SENADOR FIRMINO,0,0,0,0,0,0,0,0,0,1,0,0,0,0,0,0,0,2,0,0,0,0,0,1,0,0,0,0,0,0,0,0,0,0,0,0,0,0,0,0,0,0,0,4,31048
GUARANI,0,0,0,0,1,0,0,0,1,0,0,0,0,0,1,2,0,1,1,0,0,0,0,0,0,0,0,0,0,0,0,0,0,0,0,0,0,0,0,0,0,0,0,7,31048
GUIRICEMA,0,0,0,1,0,0,1,1,3,1,3,0,0,11,8,10,19,13,0,0,0,0,0,1,0,0,0,0,0,0,0,0,0,0,0,0,0,0,0,0,0,0,0,72,31048
COIMBRA,0,0,0,0,0,0,0,0,0,0,0,0,1,0,0,0,0,0,0,0,0,0,0,0,1,0,0,0,0,0,0,0,0,0,0,0,0,0,0,0,0,0,0,2,31048
SAO GERALDO,0,0,0,0,0,0,0,0,0,0,1,0,0,0,0,0,1,2,3,1,1,0,1,0,1,0,1,0,0,0,0,0,0,0,0,0,1,0,0,0,0,0,0,13,31048
TOCANTINS,0,0,0,0,0,0,1,1,1,1,2,0,0,13,12,10,21,8,5,3,6,1,11,1,1,0,4,0,1,2,1,1,0,1,0,0,0,0,0,1,0,0,0,109,31048
PRESIDENTE BERNARDES,0,0,0,0,0,0,0,1,8,1,1,8,2,10,14,18,10,12,11,0,3,1,0,0,0,0,0,0,0,0,0,0,0,0,0,0,0,0,0,0,0,0,0,100,31048
RODEIRO,0,0,0,0,0,0,0,0,0,0,0,1,0,1,1,2,0,0,0,0,2,0,2,1,0,0,0,0,0,0,0,0,0,0,0,0,0,0,0,0,0,0,0,10,31048
ERVALIA,0,0,0,0,3,0,0,0,0,0,2,0,0,2,1,5,2,0,4,0,0,0,0,0,0,0,0,0,0,0,0,0,0,0,0,0,0,0,0,0,0,0,0,19,31048
PIRAUBA,0,0,0,0,0,0,0,0,0,0,2,0,0,1,0,1,1,0,0,0,0,0,0,0,0,0,1,1,0,0,0,0,0,0,1,0,0,0,0,0,0,0,0,8,31048
UBA,0,0,1,0,6,3,5,15,17,58,90,167,262,423,442,403,275,228,324,379,342,154,287,170,104,94,103,47,45,23,25,12,19,23,36,13,37,31,0,4,4,5,0,4676,31048
DIVINESIA,0,0,0,0,0,0,0,0,0,1,0,2,2,2,2,11,3,0,1,0,0,1,2,0,0,0,0,0,0,0,0,0,0,0,0,0,0,0,0,0,0,0,0,27,31048
BRAS PIRES,0,0,0,0,0,0,0,0,0,0,0,0,0,0,3,0,0,6,7,2,2,0,1,0,0,0,0,0,0,0,0,0,0,0,0,0,0,0,0,0,0,0,0,21,31048
MERCES,0,0,0,0,0,0,0,0,0,0,0,0,0,0,0,0,0,0,0,0,0,0,0,0,0,0,0,0,0,0,0,1,0,0,0,0,0,0,0,0,0,0,0,1,31048
RIO POMBA,0,1,0,0,0,0,0,0,0,0,1,0,0,0,0,0,0,1,0,1,1,0,0,6,0,0,0,0,0,0,0,0,1,0,0,0,0,0,0,1,0,0,0,13,31048
CORACAO DE JESUS,0,0,0,0,0,1,2,8,19,19,0,0,1,0,0,0,1,0,0,0,0,0,0,0,0,0,0,0,0,0,0,0,0,0,0,0,0,0,0,0,0,0,0,51,31050
LAGOA DOS PATOS,0,0,0,0,0,2,1,2,2,0,1,0,2,0,2,0,0,0,0,0,0,0,0,0,0,0,0,0,0,0,0,0,1,0,0,0,0,0,0,0,0,0,0,13,31050
SAO JOAO DA LAGOA,0,0,0,0,0,1,0,0,0,0,0,0,0,0,0,0,0,0,0,0,0,0,0,0,0,0,0,0,0,0,0,0,0,0,0,0,0,0,0,0,0,0,0,1,31050
SAO JOAO DO PACUI,0,0,0,0,0,0,0,0,0,1,0,0,0,0,0,0,4,0,0,0,1,0,0,0,0,0,0,0,0,0,0,0,0,0,0,0,0,0,0,0,0,0,0,6,31050
CRISTALIA,0,0,0,0,0,0,0,0,0,0,0,0,0,0,0,0,0,1,0,0,0,0,0,0,0,0,0,0,0,0,0,0,0,0,0,0,0,0,0,0,0,0,0,1,31051
CAPITAO ENEAS,1,0,1,1,4,8,9,10,21,18,19,13,15,10,6,2,7,4,8,8,6,3,1,3,0,0,3,0,0,0,0,0,0,0,0,0,0,0,0,1,0,0,0,182,31051
JOSENOPOLIS,0,1,0,0,1,0,0,1,2,0,0,1,0,0,0,0,0,0,0,0,0,0,0,0,0,0,0,0,0,0,0,0,0,0,0,0,0,0,0,0,0,0,0,6,31051
FRANCISCO SA,0,0,1,0,1,4,1,1,7,6,5,6,9,5,4,2,5,3,0,0,1,0,0,0,0,0,1,0,0,0,0,0,0,0,0,0,1,0,1,0,0,0,0,64,31051
GRAO MOGOL,0,0,0,0,0,1,0,0,4,1,1,0,1,1,0,2,1,0,0,0,0,0,0,0,0,0,0,0,0,0,0,0,0,0,0,0,0,0,0,1,0,0,0,13,31051
BOTUMIRIM,0,0,0,1,0,0,0,0,0,1,0,1,2,0,0,0,0,0,0,0,0,0,0,0,0,0,0,0,0,0,0,0,0,0,0,0,0,0,0,0,0,0,0,5,31051
MAMONAS,0,1,0,1,1,0,4,2,0,1,0,0,0,2,0,2,0,0,0,0,0,0,0,0,0,0,0,0,0,0,0,0,0,0,0,0,0,0,0,0,0,0,0,14,31052
RIACHO DOS MACHADOS,1,0,0,1,0,0,0,0,0,0,0,0,1,0,0,0,0,0,0,0,0,0,0,0,0,0,0,0,0,0,0,0,0,0,0,0,0,0,0,0,0,0,0,3,31052
MATO VERDE,0,0,0,1,0,0,0,0,0,0,0,0,0,0,0,0,0,0,0,0,0,0,0,0,0,0,0,0,0,0,0,0,0,0,0,0,0,0,0,0,0,0,0,1,31052
SERRANOPOLIS DE MINAS,0,0,0,0,0,0,0,0,0,0,0,1,0,0,0,1,0,0,0,0,0,0,0,0,0,0,0,0,0,0,0,0,0,0,0,0,0,0,0,0,0,0,0,2,31052
JAIBA,1,2,0,1,1,3,3,1,3,6,5,13,7,3,8,0,0,1,0,0,0,0,0,0,0,0,0,0,0,1,0,0,0,0,0,0,0,0,0,0,0,0,0,59,31052
MATIAS CARDOSO,0,0,0,0,0,0,0,0,0,0,0,1,0,0,0,0,0,0,1,0,0,0,0,0,0,0,0,0,0,0,0,0,0,0,0,0,0,0,0,0,0,0,0,2,31052
MONTE AZUL,0,0,1,2,0,1,0,4,3,5,2,2,4,3,2,3,1,1,0,0,0,0,0,1,2,0,0,0,0,0,0,1,1,0,0,0,0,0,0,0,0,0,0,39,31052
NOVA PORTEIRINHA,0,1,0,1,0,2,0,0,0,0,0,0,0,1,0,0,0,0,0,0,0,0,0,0,0,0,0,0,0,0,0,0,0,0,0,0,0,0,0,0,0,0,0,5,31052
PAI PEDRO,0,0,0,0,0,0,0,0,1,1,0,0,0,0,0,0,0,0,0,0,0,0,0,0,0,0,0,0,0,0,0,0,0,0,0,0,0,0,0,0,0,0,0,2,31052
PORTEIRINHA,0,0,0,1,0,0,0,0,1,0,1,0,0,0,0,1,0,0,0,0,1,0,0,0,0,0,0,0,0,0,0,0,0,0,0,0,0,0,0,1,0,0,0,6,31052
GAMELEIRAS,0,0,0,0,10,8,13,14,13,18,18,10,10,9,5,9,6,3,2,4,0,3,2,1,0,0,1,2,1,0,0,0,0,0,0,0,1,0,0,0,0,0,0,163,31052
ESPINOSA,0,0,1,0,1,0,1,0,2,3,1,3,0,3,4,4,3,0,1,1,2,0,0,0,0,1,2,0,0,0,2,0,0,0,0,0,0,0,0,0,0,0,0,35,31052
JANAUBA,0,3,0,0,4,7,3,4,16,7,4,2,4,2,5,3,5,2,3,0,1,0,0,1,0,0,0,0,0,1,1,0,0,0,0,0,0,0,0,0,1,0,0,79,31052
JANUARIA,11,22,26,22,26,8,22,40,31,1,9,7,3,0,1,1,0,0,0,0,0,0,0,0,0,0,0,0,0,0,0,0,0,0,0,0,1,0,0,0,0,0,0,231,31053
PEDRAS DE MARIA DA CRUZ,0,0,2,0,0,0,1,1,2,0,0,1,0,1,0,0,0,0,0,0,0,0,0,0,0,0,0,0,0,0,0,0,0,0,0,0,0,0,0,0,0,0,0,8,31053
CONEGO MARINHO,0,1,0,0,4,1,7,1,6,3,2,0,0,0,0,0,0,0,0,0,0,0,0,0,0,0,0,0,0,0,0,0,0,0,0,0,0,0,0,0,0,0,0,25,31053
ITACARAMBI,0,0,0,1,1,0,0,3,4,1,0,2,0,0,0,0,0,0,0,0,0,0,0,0,0,0,0,0,0,0,0,0,0,0,0,0,0,0,0,0,0,0,0,12,31053
BONITO DE MINAS,0,0,0,1,7,7,20,8,34,54,59,37,44,65,62,50,23,8,15,2,0,0,0,0,0,0,0,0,0,0,0,0,0,0,0,0,0,0,0,0,0,0,0,496,31053
IBIAI,0,0,0,0,0,0,0,0,0,1,0,6,3,6,11,4,0,0,0,0,1,3,0,0,0,0,0,0,0,0,1,0,0,0,0,0,0,0,0,0,0,0,0,36,31055
LASSANCE,0,2,1,7,20,55,65,130,207,111,131,62,14,6,1,1,6,0,1,1,1,1,1,0,0,0,0,0,0,0,0,0,0,0,0,0,0,0,0,0,0,0,0,824,31055
PONTO CHIQUE,0,0,0,0,2,0,0,1,0,0,1,0,2,17,47,39,28,8,2,11,0,0,0,1,0,0,0,0,0,0,1,0,0,0,0,0,0,0,0,0,0,0,0,160,31055
PIRAPORA,0,7,5,15,16,16,27,28,21,33,29,18,11,20,14,10,15,12,8,11,8,4,5,1,7,0,0,0,1,1,0,0,0,0,0,0,0,1,0,0,0,0,0,344,31055
VARZEA DA PALMA,0,1,1,2,1,2,1,10,12,7,9,28,22,37,32,41,27,73,41,15,7,4,3,0,0,0,0,0,0,0,0,0,0,0,0,0,0,0,0,0,0,0,0,376,31055
BURITIZEIRO,0,0,0,0,0,3,1,2,5,0,2,4,0,0,2,0,2,3,2,0,0,0,0,0,0,0,0,0,0,1,0,0,0,0,0,0,0,0,0,0,0,0,0,27,31055
PATOS DE MINAS,0,1,0,5,8,7,2,6,10,4,5,5,8,4,5,5,5,0,3,2,3,0,1,1,0,2,1,0,0,0,0,0,0,0,1,0,0,1,0,0,0,0,0,95,31057
SAO GONCALO DO ABAETE,0,0,0,0,0,0,0,0,0,1,0,0,0,0,0,0,0,0,0,0,0,0,0,0,0,0,0,0,0,0,0,0,0,0,0,0,0,0,0,0,0,0,0,1,31057
CRUZEIRO DA FORTALEZA,0,0,0,0,0,0,0,0,0,0,0,0,0,0,1,1,0,0,0,0,0,0,1,0,0,0,0,0,0,0,0,0,0,0,0,0,0,0,0,0,0,0,0,3,31057
GUARDA-MOR,0,0,0,0,0,0,0,0,0,1,2,0,0,0,0,0,0,0,0,0,0,0,0,0,0,0,0,0,0,0,0,0,0,0,0,0,0,0,0,0,0,0,0,3,31057
LAGOA FORMOSA,0,0,0,1,0,0,0,0,0,0,0,1,0,0,0,1,0,0,0,0,0,0,0,0,0,0,0,0,0,0,0,0,0,0,0,0,0,0,0,0,0,0,0,3,31057
VAZANTE,0,0,1,0,0,0,0,0,0,0,0,0,0,0,0,0,0,0,0,0,0,0,0,0,0,0,0,0,0,0,0,0,0,0,0,0,0,0,0,0,0,0,0,1,31057
SERRA DO SALITRE,1,0,0,0,0,0,0,1,2,0,0,0,1,2,1,0,0,0,1,0,2,0,4,1,1,1,0,0,0,1,0,0,0,0,0,0,0,0,0,0,0,0,0,19,31057
VARJAO DE MINAS,0,0,0,0,0,0,0,0,0,0,0,0,0,0,0,0,0,0,0,0,0,0,0,1,0,0,0,0,0,1,0,0,0,0,0,0,0,0,0,0,0,0,0,2,31057
UNAI,0,0,0,0,2,0,0,3,0,0,0,1,2,0,1,0,3,0,2,0,0,0,2,1,0,0,0,0,0,0,0,0,0,2,0,0,0,1,0,0,0,0,0,20,31058
BONFINOPOLIS DE MINAS,0,0,0,0,0,0,0,0,2,1,0,0,0,0,0,0,0,0,0,0,0,0,0,0,0,0,0,0,0,0,0,0,0,0,0,0,0,0,0,0,0,0,0,3,31058
ARINOS,0,0,1,0,0,0,0,0,0,0,0,0,0,0,0,0,1,0,0,0,0,0,0,0,0,2,0,0,0,0,0,0,0,0,0,0,0,0,0,0,0,0,0,4,31058
PARACATU,0,2,0,0,6,2,6,4,16,12,22,28,27,37,49,31,51,57,72,27,46,20,33,15,29,14,13,10,12,16,6,5,2,6,2,2,1,3,2,1,2,1,0,690,31058
CHAPADA GAUCHA,0,0,0,3,0,0,1,0,1,0,0,1,0,0,0,0,0,0,0,1,0,0,0,0,0,0,0,0,0,0,0,0,0,0,0,0,0,0,0,0,0,0,0,7,31058
RIACHINHO,0,0,0,0,0,0,0,0,0,0,0,3,1,0,0,0,0,0,0,0,0,0,0,0,0,0,0,0,0,0,0,0,0,0,0,0,0,0,0,0,0,0,0,4,31058
DOM BOSCO,0,0,0,0,0,0,1,0,1,0,0,0,0,0,0,0,0,0,0,0,0,0,0,0,0,0,0,0,0,0,0,0,0,0,0,0,0,0,0,0,0,0,0,2,31058
NATALANDIA,0,0,0,0,0,0,0,0,0,3,2,2,6,0,0,1,1,1,0,0,0,0,0,0,0,0,0,0,0,0,0,0,0,0,0,0,0,0,0,0,0,0,0,16,31058
SIMONESIA,0,0,0,0,0,0,0,2,0,0,1,0,0,0,0,0,0,1,0,0,0,0,1,0,0,1,0,1,0,0,0,0,0,0,0,0,0,0,0,0,0,1,0,8,31059
MANHUMIRIM,0,0,0,0,0,0,0,1,0,0,0,0,0,2,0,0,0,1,1,0,0,0,0,0,0,1,1,0,0,0,1,0,0,0,2,0,0,1,1,1,1,0,0,14,31059
IPANEMA,0,0,0,0,0,1,1,5,11,12,3,4,6,5,4,4,1,0,4,0,0,0,1,0,1,1,0,0,0,0,0,1,0,0,0,0,0,0,0,0,0,0,0,65,31059
SAO JOAO DO MANHUACU,0,0,0,0,0,0,1,0,0,1,0,0,0,0,0,2,0,0,0,0,0,0,0,0,0,0,0,0,0,0,0,0,0,0,0,0,0,0,0,0,0,0,0,4,31059
MARTINS SOARES,0,0,0,0,0,0,0,0,0,0,0,0,0,0,0,0,0,0,0,0,0,0,0,0,0,0,1,0,0,0,0,0,0,0,0,0,0,0,0,0,0,0,0,1,31059
TAPARUBA,0,0,0,0,0,0,0,0,0,0,0,0,0,1,1,1,1,0,0,1,1,4,1,2,1,3,0,0,1,0,0,0,0,1,20,21,10,23,32,10,4,5,0,144,31059
MANHUACU,0,0,0,0,1,4,11,38,25,22,22,32,22,45,74,101,51,25,73,42,39,38,13,14,12,12,11,1,1,0,1,1,1,0,1,1,0,0,1,0,0,0,0,735,31059
LUISBURGO,0,0,0,0,0,0,0,0,0,0,0,0,0,0,1,0,0,0,0,0,0,0,0,1,1,0,0,0,0,0,0,0,0,0,0,0,0,0,0,0,0,0,1,4,31059
CHALE,0,0,0,0,0,0,0,0,0,0,1,0,0,2,4,1,0,0,0,0,0,0,0,0,0,0,0,0,0,0,0,0,0,0,0,0,0,0,0,0,0,0,0,8,31059
SAO JOSE DO MANTIMENTO,0,0,0,1,0,0,0,0,0,0,0,0,0,0,0,0,0,0,0,0,0,0,0,0,0,0,0,0,0,0,0,0,0,0,0,0,0,0,0,0,0,0,0,1,31059
ALTO CAPARAO,0,0,0,0,0,0,0,1,0,0,0,0,0,0,0,0,0,0,0,0,0,0,0,0,0,0,0,0,0,0,0,0,0,0,0,0,0,0,0,0,0,0,0,1,31059
DURANDE,0,0,0,1,0,0,0,0,0,0,1,0,0,0,0,0,0,0,0,0,0,0,0,0,0,0,0,0,0,0,0,0,0,0,0,0,0,0,0,0,0,0,0,2,31059
POCRANE,0,0,0,0,0,0,0,1,1,0,0,0,0,2,0,1,1,0,0,0,0,0,0,0,0,0,0,0,0,0,0,0,0,0,0,0,0,0,0,0,0,0,0,6,31059
CAPUTIRA,0,0,0,0,0,0,1,0,1,0,0,0,1,0,0,0,0,0,1,1,1,0,0,0,0,0,0,0,0,0,0,0,0,0,0,0,0,0,0,0,0,0,0,6,31059
CONCEICAO DE IPANEMA,0,0,0,0,0,0,0,0,1,0,0,0,1,1,0,2,0,0,0,0,0,0,0,0,0,0,0,0,0,0,0,0,0,0,0,0,0,0,0,0,0,0,0,5,31059
REDUTO,1,0,0,0,1,0,4,0,1,0,3,0,3,0,0,1,1,1,0,0,0,0,0,0,0,0,0,0,0,0,0,0,0,0,0,0,0,0,0,0,0,0,0,16,31059
SANTA MARGARIDA,0,1,0,0,0,0,0,0,1,0,0,0,0,1,0,0,0,0,0,0,0,0,0,0,1,0,0,0,0,0,0,0,0,0,0,0,0,0,0,0,0,0,0,4,31059
SANTANA DO MANHUACU,0,0,0,0,0,0,0,0,0,0,0,0,1,0,1,0,0,0,0,0,0,0,0,0,0,0,2,0,0,0,0,0,0,0,0,0,0,0,0,0,0,0,0,4,31059
MATIPO,0,0,0,0,0,0,0,0,1,2,5,2,0,1,1,3,2,0,1,1,0,1,0,1,2,0,0,0,0,0,0,0,0,0,0,0,0,0,0,0,0,0,0,23,31059
ABRE CAMPO,0,0,0,0,0,0,0,0,0,1,0,0,0,0,1,0,0,0,0,1,0,1,0,0,0,0,1,0,0,0,0,0,0,0,0,1,0,0,0,0,0,0,0,6,31059
MUTUM,0,0,0,0,0,0,0,0,0,0,0,0,0,0,0,0,0,0,0,0,0,0,1,0,0,0,0,0,0,1,0,0,0,0,0,0,0,0,0,0,0,4,0,6,31059
RIO CASCA,0,0,1,3,15,34,26,33,57,86,152,158,77,87,56,73,30,6,2,5,0,0,0,1,0,0,1,0,0,0,0,0,0,0,0,0,0,0,0,0,0,0,0,903,31060
DOM SILVERIO,0,0,0,0,0,0,0,2,0,1,0,1,6,4,1,4,3,0,1,4,2,1,1,0,3,0,0,0,0,0,0,0,0,0,0,0,0,0,0,0,0,0,0,34,31060
SANTA CRUZ DO ESCALVADO,0,0,0,0,0,0,0,0,0,1,1,2,0,0,1,0,0,0,0,0,0,0,0,0,0,0,0,0,0,0,0,0,0,0,0,0,0,0,0,0,0,0,0,5,31060
ACAIACA,0,2,0,0,1,0,0,0,0,0,4,0,0,0,0,0,0,0,0,0,0,0,0,0,0,0,0,0,0,0,0,0,0,0,0,0,0,0,0,0,0,0,0,7,31060
BARRA LONGA,0,0,0,0,0,0,0,0,0,0,0,0,0,0,2,0,0,1,0,0,0,0,0,0,0,0,0,0,0,0,0,0,0,0,0,0,0,0,0,0,0,0,0,3,31060
SEM-PEIXE,0,0,0,0,0,0,3,7,26,25,34,32,29,29,20,9,7,19,4,6,0,0,0,0,0,0,1,0,0,0,0,0,0,0,0,0,0,0,0,0,0,0,0,251,31060
JEQUERI,0,0,0,0,0,0,0,3,1,2,0,0,0,0,0,2,0,0,0,0,0,0,0,0,0,0,0,0,0,0,0,0,0,0,0,0,0,0,0,0,0,0,0,8,31060
AMPARO DO SERRA,0,0,0,0,0,0,0,0,0,0,0,1,0,0,0,0,0,0,0,0,0,1,0,0,0,0,0,0,0,0,0,0,0,0,0,0,0,0,0,0,0,0,0,2,31060
ALVINOPOLIS,0,0,0,0,4,3,6,27,21,25,21,21,17,35,37,19,10,7,7,2,2,2,0,0,0,0,1,0,0,0,1,0,0,0,0,0,0,0,0,0,0,0,0,268,31060
GUARACIABA,0,0,1,0,0,0,0,1,0,2,2,5,2,6,3,1,4,1,1,3,0,0,2,0,0,0,3,1,0,0,0,0,0,0,0,0,0,0,1,2,0,0,0,41,31060
SAO PEDRO DOS FERROS,0,0,0,0,0,0,0,0,3,0,0,1,0,0,3,0,0,0,1,0,0,0,0,0,0,0,0,0,0,0,0,0,0,0,0,0,0,0,0,0,1,0,0,9,31060
RIO DOCE,0,0,0,0,1,0,0,0,2,0,0,1,0,0,0,0,0,0,1,0,0,0,0,0,0,0,0,0,0,0,0,0,0,0,0,0,0,0,0,0,0,0,0,5,31060
RAUL SOARES,2,0,0,0,0,4,2,2,4,7,5,10,5,6,13,7,16,7,6,10,7,1,2,1,0,2,0,0,0,0,1,0,1,0,0,1,0,0,0,0,0,0,0,122,31060
SAO JOSE DO GOIABAL,13,40,38,65,33,50,17,6,16,17,8,3,5,3,6,0,1,0,0,0,0,0,0,0,0,0,0,0,0,0,0,0,0,0,0,0,0,0,0,0,0,0,0,321,31060
SANTO ANTONIO DO GRAMA,0,0,1,0,0,0,0,0,0,0,0,0,0,0,0,0,0,0,0,0,0,0,0,0,0,0,0,0,0,0,0,0,0,0,0,0,0,0,0,0,0,0,0,1,31060
URUCANIA,0,0,0,0,0,0,0,1,0,0,0,0,1,1,0,0,0,0,0,0,0,0,0,1,0,0,0,0,0,0,0,0,0,0,0,0,0,0,0,0,0,0,0,4,31060
ORATORIOS,0,0,0,0,0,0,0,0,0,0,0,0,0,1,0,0,1,0,0,0,0,0,0,0,0,0,0,0,0,0,0,0,0,0,0,0,0,0,0,0,0,0,0,2,31060
PONTE NOVA,0,4,2,1,2,11,17,29,37,38,58,70,52,51,66,40,71,61,55,153,60,47,61,13,101,15,45,53,15,11,6,9,1,2,0,0,2,1,0,1,1,1,0,1263,31060
PIEDADE DE PONTE NOVA,0,0,0,0,0,0,1,0,0,0,0,0,0,0,1,0,0,0,0,0,0,0,0,0,0,0,0,0,0,0,0,0,0,0,0,0,0,0,0,0,0,0,0,2,31060
PAULA CANDIDO,0,0,0,0,0,0,0,0,0,0,0,3,0,4,2,0,0,7,0,2,1,0,0,0,0,0,0,0,0,0,0,0,0,0,0,0,0,0,0,0,0,0,0,19,31061
CANAA,0,0,0,0,0,0,0,0,2,0,0,0,0,0,0,0,0,0,0,0,0,0,0,0,0,0,0,0,0,0,0,0,0,0,0,0,0,0,0,0,0,0,0,2,31061
CAJURI,0,0,0,0,0,0,0,0,0,0,0,0,0,0,0,1,0,0,0,0,0,0,0,0,0,0,0,0,0,0,0,0,0,0,0,0,0,0,0,0,0,0,0,1,31061
SAO MIGUEL DO ANTA,0,0,0,0,0,0,0,0,0,0,0,0,0,0,1,0,0,0,0,0,0,0,0,0,0,0,0,0,0,0,0,0,0,0,0,0,0,0,0,0,0,0,0,1,31061
PORTO FIRME,0,0,0,0,0,0,0,1,0,0,0,1,0,0,0,0,0,1,0,0,0,0,0,0,0,0,0,0,0,0,0,0,0,0,0,0,0,0,0,0,0,0,0,3,31061
VICOSA,0,0,3,1,2,0,1,4,3,3,3,5,3,6,3,4,1,6,3,1,1,1,0,6,0,2,5,0,2,0,0,0,2,0,0,0,0,1,0,0,0,0,0,72,31061
PEDRA DO ANTA,0,0,0,0,0,0,0,0,0,0,3,3,10,4,1,2,1,1,1,1,0,0,2,0,0,0,0,0,0,0,0,0,0,0,0,0,0,0,0,0,0,0,0,29,31061
ARAPONGA,0,0,0,0,0,0,0,0,0,0,0,1,0,0,0,0,0,0,0,0,1,0,0,0,0,0,0,0,0,0,0,0,0,0,0,0,0,0,0,0,0,0,0,2,31061
31062 Águas Formosas,1,1,1,0,5,3,2,4,4,6,25,4,3,3,3,4,11,7,6,5,1,1,1,0,1,2,0,1,1,4,1,0,0,0,0,0,0,0,0,0,0,0,0,111,31062 Águas Formosas
CRISOLITA,0,0,0,0,1,0,0,0,0,0,0,0,0,0,0,0,0,2,1,0,0,0,0,0,0,0,0,0,0,0,0,0,0,0,0,0,0,0,0,0,0,0,0,4,31061
SANTA HELENA DE MINAS,0,0,0,0,0,1,0,1,0,0,3,0,2,0,0,0,0,1,0,0,0,0,0,0,0,0,0,0,0,0,0,0,0,0,0,0,0,0,0,0,0,0,0,8,31061
UMBURATIBA,0,0,0,0,0,0,0,2,1,1,0,0,0,1,0,1,0,0,0,0,0,0,0,0,0,0,0,0,0,0,0,0,0,0,0,0,0,0,0,0,0,0,0,6,31061
AGUAS FORMOSAS,0,0,0,0,0,2,0,1,0,0,1,0,0,0,1,0,0,0,0,0,0,0,1,0,0,0,0,0,0,0,0,0,0,0,0,0,0,0,0,0,0,0,0,6,31061
PAVAO,0,0,1,0,3,0,0,0,0,1,1,0,0,0,0,0,0,0,0,1,1,0,0,0,1,1,0,0,0,0,0,0,0,0,0,0,0,0,0,0,0,0,0,10,31061
BERTOPOLIS,0,0,0,0,0,0,0,0,0,2,0,0,0,0,1,1,0,0,0,0,0,0,0,0,0,0,0,0,0,0,0,0,0,0,0,0,0,0,0,0,0,0,0,4,31061
FRONTEIRA DOS VALES,1,1,0,0,1,0,1,0,0,0,0,0,0,0,0,0,0,0,0,0,0,0,0,0,0,0,0,0,0,0,0,0,0,0,0,0,0,0,0,0,0,0,0,4,31061
MACHACALIS,0,0,0,0,0,0,1,0,3,2,20,4,1,2,1,2,11,4,5,4,0,1,0,0,0,1,0,1,1,4,1,0,0,0,0,0,0,0,0,0,0,0,0,69,31061
ARACUAI,0,0,0,2,1,0,1,2,9,9,9,8,4,10,5,8,3,2,0,0,1,0,1,0,1,1,0,0,0,0,1,0,0,0,0,0,0,0,0,0,0,0,0,78,31064
CORONEL MURTA,0,0,0,1,0,0,0,0,0,0,1,0,0,0,0,0,2,0,0,0,0,0,0,0,0,0,0,0,0,0,0,0,0,0,0,0,0,0,0,0,0,0,0,4,31064
FRANCISCO BADARO,0,0,0,0,2,0,0,1,0,0,0,0,0,0,0,0,0,0,0,0,0,0,0,0,0,0,0,0,0,0,0,0,0,0,0,0,0,0,0,0,0,0,0,3,31064
VIRGEM DA LAPA,0,0,0,2,1,0,0,0,0,1,0,0,0,1,1,1,1,0,2,1,1,1,1,0,0,1,0,0,0,0,0,0,0,0,0,0,0,0,0,0,0,0,0,15,31064
BERILO,0,0,0,0,0,1,1,0,0,0,0,0,0,0,0,0,0,0,0,0,0,0,0,0,0,0,0,0,0,0,0,0,0,0,0,0,0,0,0,0,0,0,0,2,31064
JENIPAPO DE MINAS,0,0,0,0,0,0,0,1,0,0,0,0,0,0,0,0,0,0,0,0,0,0,0,0,0,0,0,0,0,0,0,0,0,0,0,0,0,0,0,0,0,0,0,1,31064
ITAOBIM,4,0,0,0,0,1,0,0,1,1,0,2,0,0,1,0,0,0,1,0,0,0,0,0,0,0,0,0,0,0,0,0,0,0,0,0,0,0,0,0,0,0,0,11,31065
ITINGA,0,3,0,0,0,0,3,5,1,3,6,2,0,1,1,1,0,0,0,0,0,0,0,0,0,0,0,0,0,0,0,0,0,0,0,1,0,0,0,0,0,0,0,27,31065
MEDINA,0,0,1,0,0,0,1,0,6,0,5,1,3,4,2,1,4,3,0,2,0,0,0,0,0,0,0,0,0,0,1,0,0,1,0,0,0,0,0,0,0,0,0,35,31065
PONTO DOS VOLANTES,0,0,0,0,0,0,0,2,10,8,5,7,0,3,0,0,0,0,0,0,0,0,1,0,0,0,0,0,0,0,0,0,0,0,0,0,0,0,0,0,0,0,0,36,31065
MONTE FORMOSO,0,0,0,0,0,0,0,3,7,19,11,1,1,0,0,0,0,0,0,0,0,0,0,0,0,0,0,0,0,0,0,0,0,0,0,0,0,0,0,0,0,0,0,42,31065
COMERCINHO,0,0,3,1,2,0,0,1,0,0,0,0,0,0,0,0,0,0,1,0,1,0,0,0,0,0,0,0,0,0,0,0,0,0,0,0,0,0,0,0,0,0,0,9,31065
CARLOS CHAGAS,0,0,0,0,0,0,0,1,1,0,1,0,0,1,0,1,0,0,0,0,1,0,0,0,0,0,0,0,0,0,0,0,0,0,0,1,0,0,0,0,0,0,0,7,31066
SERRA DOS AIMORES,0,0,0,1,1,0,1,0,0,1,8,3,8,7,12,9,1,3,1,4,5,4,5,4,6,7,6,7,1,0,0,0,1,0,0,1,0,0,0,0,0,0,0,107,31066
NANUQUE,2,2,1,8,10,26,12,35,28,28,34,36,37,37,39,24,22,32,28,17,25,18,21,11,10,13,8,4,3,5,2,2,0,2,3,3,2,2,0,0,0,0,0,592,31066
CARAI,0,0,0,0,0,1,2,0,1,0,2,2,1,2,1,1,1,0,0,0,0,0,1,0,0,0,0,0,0,0,0,0,0,0,0,0,0,0,0,0,0,0,0,15,31067
CATUJI,0,0,0,0,0,0,0,0,1,0,0,0,0,0,2,0,0,0,0,0,0,0,0,0,0,0,0,0,0,0,0,0,0,0,0,0,0,0,0,0,0,0,0,3,31067
PADRE PARAISO,0,0,0,0,0,0,0,0,0,1,5,0,0,0,0,1,0,0,0,1,0,0,0,0,0,0,0,0,0,0,0,0,0,0,0,0,0,0,0,0,0,0,0,8,31067
ITAIPE,0,0,0,2,0,0,0,0,0,0,2,1,1,0,0,0,0,0,0,1,1,0,0,0,0,0,0,0,0,0,0,0,0,0,0,0,0,0,0,0,0,0,0,8,31067
DIVISA ALEGRE,0,0,0,0,0,0,0,1,2,0,0,0,0,0,0,0,0,0,0,0,0,0,0,0,0,0,0,0,0,0,0,0,0,0,0,0,0,0,0,0,0,0,0,3,31068
PEDRA AZUL,0,0,3,0,6,11,5,16,20,33,30,35,18,28,19,11,8,4,0,3,2,0,0,0,0,0,0,0,0,0,0,0,0,0,0,0,0,0,0,0,0,0,0,252,31068
CACHOEIRA DE PAJEU,0,0,0,0,0,0,0,0,0,0,0,0,0,1,0,0,0,0,0,0,0,0,0,0,0,0,0,0,0,0,0,0,0,0,0,0,0,0,0,0,0,0,0,1,31068
CAMPOS ALTOS,0,0,0,0,0,0,0,0,0,0,1,0,0,0,0,0,0,0,0,0,2,0,0,0,0,0,0,0,0,0,0,0,0,0,0,0,0,0,0,0,0,0,0,3,31070
ARAXA,0,0,0,1,0,0,0,3,0,1,2,0,2,3,1,1,0,2,0,0,1,0,0,0,0,2,0,0,0,0,0,0,0,0,0,0,0,0,0,0,0,0,0,19,31070
IBIA,0,0,0,0,0,0,0,0,0,0,1,0,0,1,1,0,1,0,0,0,0,0,0,1,0,0,0,0,0,0,0,0,1,0,0,0,0,0,0,0,0,0,0,6,31070
PERDIZES,0,0,0,0,0,0,0,0,0,0,0,0,0,0,0,0,0,0,0,0,0,0,0,0,1,0,0,0,0,0,0,0,0,0,0,0,0,0,0,0,0,0,0,1,31070
TAPIRA,0,0,0,0,0,0,0,0,0,0,0,0,0,0,1,0,0,0,0,0,0,1,0,0,0,0,0,0,0,0,0,0,0,0,0,0,0,0,0,0,0,0,0,2,31070
SANTA JULIANA,0,0,0,0,0,0,0,0,3,0,0,1,0,0,0,0,0,0,0,0,0,0,0,0,0,0,0,0,0,0,0,0,0,0,0,0,0,0,0,0,0,0,0,4,31070
PRATINHA,0,0,0,0,0,0,1,0,0,0,0,0,0,0,0,0,0,0,0,0,0,0,0,0,0,0,0,0,0,0,0,0,0,0,1,0,0,0,0,0,0,0,0,2,31070
PEDRINOPOLIS,0,0,0,0,1,3,1,0,0,0,0,0,0,0,0,0,0,0,0,0,0,0,0,0,0,0,2,0,0,0,0,0,0,0,0,0,0,0,0,0,0,0,0,7,31070
SAO FRANCISCO DE SALES,0,0,0,0,0,0,1,0,0,0,0,0,0,0,0,0,0,0,0,0,1,3,1,0,2,1,0,0,0,0,0,0,0,0,0,0,0,0,0,0,0,0,0,9,31071
UNIAO DE MINAS,0,0,0,0,0,0,0,0,0,0,0,0,0,0,0,0,0,0,0,0,0,0,0,0,0,0,0,0,0,0,1,0,0,0,0,0,0,0,0,0,0,0,0,1,31071
ITURAMA,0,0,0,1,1,0,0,0,0,1,1,0,0,0,0,1,0,1,0,1,0,0,0,0,1,0,0,0,0,1,0,0,1,0,0,0,0,0,0,0,0,0,0,10,31071
LIMEIRA DO OESTE,0,0,0,0,0,0,0,0,1,0,10,4,6,32,19,12,20,16,10,3,3,1,0,1,7,4,0,0,0,0,0,1,0,0,0,0,0,0,0,0,0,0,0,150,31071
FRONTEIRA,1,4,6,6,2,2,5,3,1,1,0,0,0,0,0,1,0,0,0,0,0,0,1,0,0,0,0,0,0,0,0,0,1,0,0,0,0,1,0,1,0,0,0,36,31071
FRUTAL,0,2,0,1,4,5,4,8,11,5,11,5,6,3,2,4,7,0,5,4,6,1,2,0,1,0,3,0,2,1,0,0,0,1,0,1,0,0,1,0,0,0,0,106,31071
PIRAJUBA,0,0,0,0,0,0,0,0,0,0,0,0,0,0,0,0,0,0,0,1,0,0,0,0,0,0,0,0,0,0,0,0,0,0,0,0,0,0,0,0,0,0,0,1,31071
PLANURA,0,0,0,3,0,0,0,0,0,0,1,0,0,0,0,0,0,0,0,0,0,0,0,0,0,0,0,0,0,0,0,0,0,1,0,0,0,0,0,0,0,0,0,5,31071
CARNEIRINHO,0,0,0,0,0,0,0,0,0,1,0,0,0,0,0,0,0,0,0,0,0,0,0,0,1,0,0,0,0,0,0,0,0,0,0,0,0,0,0,0,0,0,0,2,31071
COMENDADOR GOMES,0,0,0,0,0,1,0,0,0,1,0,0,0,0,0,0,0,0,0,0,0,0,0,0,0,0,0,0,0,0,0,0,0,0,0,0,0,0,0,0,0,0,0,2,31071
ITAPAGIPE,0,0,0,0,0,0,0,0,1,0,0,0,1,0,2,0,0,1,0,0,2,0,0,0,0,2,1,0,0,0,0,0,0,0,0,0,0,0,0,0,0,0,0,10,31071
SACRAMENTO,0,0,0,0,0,0,0,0,1,2,1,0,3,2,0,2,1,0,0,0,0,0,0,0,0,0,0,0,1,0,0,1,0,1,0,0,1,0,0,0,0,0,0,16,31072
UBERABA,2,4,2,1,4,7,12,4,8,4,13,9,20,16,29,33,47,38,54,45,45,23,31,20,29,11,17,8,9,10,3,5,2,8,2,2,6,3,1,1,1,0,0,589,31072
CAMPO FLORIDO,0,0,0,4,5,5,11,12,13,18,32,24,20,15,12,23,16,15,5,17,17,4,7,6,2,4,7,0,2,1,1,0,0,0,0,0,0,0,0,0,0,0,0,298,31072
CONCEICAO DAS ALAGOAS,0,0,0,0,1,0,0,1,0,0,0,3,0,0,2,9,17,6,46,40,17,23,16,31,5,6,5,9,9,5,5,2,3,1,0,0,0,0,0,0,0,0,0,262,31072
AGUA COMPRIDA,0,0,0,0,0,0,0,0,0,0,0,0,0,0,0,0,0,0,0,2,0,1,0,0,0,0,0,0,0,0,0,0,0,0,0,0,0,0,0,0,0,0,0,3,31072
VERISSIMO,0,0,0,0,1,0,0,0,0,0,0,0,0,0,0,0,0,0,0,0,0,0,0,0,0,0,0,0,0,0,0,0,0,0,0,0,0,0,0,0,0,0,0,1,31072
CONQUISTA,0,0,0,0,0,0,0,0,0,0,0,0,0,0,0,0,0,0,0,0,1,0,0,0,0,0,0,0,0,0,0,0,0,0,0,0,0,0,0,0,0,0,0,1,31072
GURINHATA,0,0,0,0,0,0,0,0,1,0,0,0,0,0,1,1,0,0,1,0,0,0,0,0,0,0,0,0,0,0,0,0,0,0,0,0,0,0,0,0,0,0,0,4,31073
CENTRALINA,0,0,0,0,0,0,0,0,0,0,0,0,1,0,0,2,6,6,1,10,12,12,13,11,13,6,5,3,0,3,1,1,0,0,0,1,0,0,0,0,0,0,0,107,31073
CACHOEIRA DOURADA,0,0,0,0,0,0,0,0,0,0,0,0,0,1,0,0,0,0,0,0,1,0,3,0,0,0,0,0,0,0,0,1,0,0,0,0,0,0,0,0,0,0,0,6,31073
SANTA VITORIA,0,0,0,1,1,1,0,2,2,0,3,5,2,4,7,1,0,2,0,6,1,4,4,3,2,4,3,0,0,0,1,1,0,0,0,0,2,0,0,0,0,0,0,62,31073
CAPINOPOLIS,0,0,0,0,0,0,0,0,0,3,0,2,0,0,0,1,1,0,0,1,1,0,0,0,1,0,2,1,0,0,1,0,0,3,2,0,1,5,0,1,0,0,0,26,31073
IPIACU,0,0,0,0,0,0,0,0,0,0,0,0,0,1,2,1,2,4,0,1,0,0,1,0,0,0,0,0,0,0,0,0,0,0,0,0,0,0,0,0,0,0,0,12,31073
CAMPINA VERDE,0,1,0,0,0,1,0,0,0,1,3,3,3,1,4,6,9,6,11,22,18,8,6,7,3,4,4,1,0,0,0,1,0,1,0,0,0,0,0,0,0,0,0,124,31073
CANAPOLIS,0,0,0,0,0,0,1,0,1,3,0,0,0,0,2,1,1,2,3,0,2,5,0,6,4,3,0,1,0,1,0,1,0,0,0,0,0,0,0,0,0,0,0,37,31073
ITUIUTABA,0,1,0,1,0,2,2,6,9,5,11,20,16,17,19,53,28,41,55,62,64,55,71,32,32,29,42,64,29,25,23,11,8,8,7,5,8,5,3,0,2,0,2,873,31073
MONTE CARMELO,0,0,0,0,1,0,0,0,0,0,2,0,0,0,1,0,0,0,0,0,0,0,0,1,0,0,1,0,0,1,0,0,0,0,0,0,0,0,0,0,0,0,0,7,31074
IRAI DE MINAS,0,0,0,0,0,0,0,0,0,1,0,0,0,0,1,0,0,0,0,0,1,0,0,0,0,0,0,0,0,0,0,0,0,0,0,0,0,0,0,0,0,0,0,3,31074
COROMANDEL,0,0,3,0,0,1,0,0,0,0,0,0,0,0,0,0,0,0,0,1,0,0,0,0,0,0,0,1,0,0,0,0,0,0,0,0,0,0,0,0,0,0,0,6,31074
DOURADOQUARA,0,0,0,0,0,0,0,0,0,0,1,0,0,0,0,0,0,0,0,0,0,0,0,0,0,0,0,0,0,0,0,0,0,0,0,0,0,0,0,0,0,0,0,1,31074
ESTRELA DO SUL,0,0,0,0,0,1,0,0,0,0,0,0,0,0,0,0,0,0,0,0,0,0,0,0,0,0,0,0,0,0,0,0,0,0,0,0,0,0,0,0,0,0,0,1,31074
ABADIA DOS DOURADOS,0,0,0,0,0,0,0,0,0,0,0,0,0,1,0,0,0,0,0,0,0,0,0,0,0,0,0,0,0,0,0,0,0,0,1,0,0,0,0,0,0,0,0,2,31074
PATROCINIO,0,0,0,0,0,0,0,0,0,0,0,0,0,0,0,0,0,1,0,0,0,0,0,0,0,0,0,0,0,1,0,0,0,0,0,0,0,0,0,0,0,0,0,2,31074
PRATA,0,1,1,1,3,5,7,28,46,14,17,22,30,22,20,12,9,24,3,16,5,13,5,2,0,1,2,0,1,3,0,0,0,0,0,0,0,0,2,3,0,1,0,319,31075
NOVA PONTE,0,0,0,0,0,0,0,0,0,1,0,0,0,0,0,0,1,0,0,0,0,0,0,0,0,0,0,0,0,0,0,0,0,0,0,0,0,0,0,0,0,0,0,2,31075
CASCALHO RICO,0,0,0,0,0,0,0,0,1,0,0,0,0,0,0,0,0,0,0,0,1,0,0,0,0,0,1,0,0,0,0,0,0,0,0,0,0,0,0,0,0,0,0,3,31075
UBERLANDIA,1,14,4,28,109,95,136,284,442,390,459,673,333,346,298,342,329,529,763,834,764,398,323,281,190,181,125,103,73,60,42,41,27,42,40,37,36,38,53,41,37,10,5,9356,31075
ARAGUARI,9,26,28,43,102,295,272,377,467,472,500,460,287,133,99,119,118,107,88,45,33,20,17,17,8,4,2,9,7,4,1,2,1,1,0,2,1,10,28,26,19,21,0,4280,31075
TUPACIGUARA,0,0,0,0,0,0,0,0,0,0,0,0,0,0,1,2,0,0,0,0,3,1,2,5,2,4,2,5,1,0,3,0,0,0,0,0,1,1,0,1,0,0,0,34,31075
INDIANOPOLIS,0,0,0,0,0,0,0,0,0,0,0,0,0,0,0,0,0,0,1,3,0,0,0,0,0,0,0,1,0,0,0,0,0,0,0,0,0,0,0,0,0,0,0,5,31075
MONTE ALEGRE DE MINAS,1,0,0,0,3,1,0,0,1,2,3,2,1,3,1,1,0,1,3,0,5,2,7,3,6,0,1,1,1,0,0,0,0,0,0,0,0,0,0,0,0,0,0,49,31075
ARAPORA,0,0,0,0,0,0,0,0,0,0,0,0,0,0,0,0,0,0,0,0,0,0,0,0,0,0,0,0,0,0,0,0,0,0,0,1,0,0,0,1,0,0,0,2,31075
JUVENILIA,0,0,0,0,0,1,0,0,0,0,0,0,0,0,0,0,0,0,0,0,0,0,0,1,0,0,0,0,0,0,1,0,0,0,0,0,0,0,0,0,0,0,0,3,31076
MIRAVANIA,0,0,0,0,0,3,1,0,0,0,0,0,0,0,0,0,1,0,0,0,0,0,0,0,0,0,0,0,0,0,0,0,0,0,0,0,0,0,0,0,0,0,0,5,31076
MANGA,3,0,0,2,1,1,0,0,0,0,3,0,0,0,0,0,0,0,0,0,0,0,0,0,0,0,0,0,0,0,0,0,0,0,0,0,0,0,0,0,0,0,0,10,31076
MONTALVANIA,0,0,0,0,0,1,2,0,1,1,0,0,0,0,0,0,0,0,0,0,0,0,0,0,0,0,0,0,0,0,0,0,0,0,0,0,0,0,0,0,0,0,0,5,31076
SAO JOAO DAS MISSOES,0,0,0,0,3,0,0,0,0,0,0,0,0,0,0,0,0,0,0,0,0,0,0,0,0,0,0,0,0,0,0,0,0,0,0,0,0,0,0,0,0,0,0,3,31076
JOAO PINHEIRO,0,0,0,0,1,0,0,2,4,1,0,1,1,1,1,1,4,1,4,1,3,1,3,4,2,1,0,1,0,0,0,0,0,0,0,0,0,0,0,0,0,0,0,38,31077
BRASILANDIA DE MINAS,0,0,0,0,0,0,0,0,0,0,0,0,0,0,0,0,0,0,0,0,0,0,0,0,0,0,0,0,0,0,0,0,0,0,0,0,0,0,0,0,1,0,0,1,31077
ENTRE RIOS DE MINAS,0,0,0,0,0,0,1,0,0,0,0,1,0,0,0,0,0,0,0,0,0,0,0,0,0,0,0,0,0,0,0,0,0,0,0,0,0,0,0,0,0,0,0,2,31078
OURO BRANCO,0,1,0,0,5,1,2,0,0,0,1,0,2,0,0,0,1,0,0,0,0,0,0,0,0,0,0,0,0,0,0,0,0,0,0,0,0,0,0,1,0,0,0,14,31078
JECEABA,0,0,0,0,1,0,0,0,1,0,0,1,1,1,0,5,0,1,6,0,0,0,0,2,0,0,0,0,0,0,0,0,0,0,0,0,0,0,0,0,0,0,0,19,31078
CONGONHAS,0,0,1,0,0,2,0,1,12,4,4,6,6,6,4,13,3,5,9,2,0,5,3,1,2,0,0,0,3,2,1,0,1,0,0,0,0,0,0,1,1,0,0,98,31078
SAO BRAS DO SUACUI,0,0,0,2,0,0,0,0,0,1,0,0,0,0,1,1,0,0,0,0,0,0,0,0,0,0,0,0,0,0,0,0,0,0,0,0,0,0,0,0,0,0,0,5,31078
SANTANA DOS MONTES,0,0,0,0,0,0,0,0,0,0,0,0,0,0,2,0,0,0,0,0,0,0,0,0,0,0,0,0,0,0,0,0,0,0,0,0,0,0,0,0,0,0,0,2,31079
CASA GRANDE,0,0,0,0,0,0,0,0,0,0,0,0,0,0,0,0,0,1,0,0,0,0,0,0,0,0,0,0,0,0,0,0,0,0,0,0,0,0,0,0,0,0,0,1,31079
CATAS ALTAS DA NORUEGA,0,0,0,0,0,0,0,0,0,0,1,0,0,0,0,0,0,0,0,0,0,0,0,0,0,0,0,0,0,0,0,0,0,0,0,0,0,0,0,0,0,0,0,1,31079
CRISTIANO OTONI,0,0,0,0,0,0,0,0,0,0,0,0,0,0,1,0,1,0,0,1,0,0,0,0,0,0,0,0,0,0,0,0,0,0,0,0,0,0,0,0,0,0,0,3,31079
RIO ESPERA,0,0,0,0,0,0,0,0,0,0,0,1,0,0,0,0,0,0,0,0,0,0,0,0,0,0,0,0,0,0,0,0,0,0,0,0,0,0,0,0,0,0,0,1,31079
LAMIM,0,0,0,0,0,0,0,0,0,0,0,0,0,1,0,0,0,0,0,0,0,0,0,0,0,0,0,0,0,0,0,0,0,0,0,0,0,0,0,0,0,0,0,1,31079
CONSELHEIRO LAFAIETE,2,4,2,3,4,3,6,3,10,9,10,9,9,7,8,9,7,2,1,2,1,0,1,2,0,0,0,0,1,0,0,1,0,3,0,0,0,0,0,1,0,0,0,120,31079
RIO PARANAIBA,0,0,0,0,0,0,0,0,0,0,0,0,0,0,4,0,0,0,0,0,0,0,0,0,0,0,1,0,0,0,0,0,0,0,0,0,0,0,0,0,0,0,0,5,31082
SAO GOTARDO,0,0,0,0,0,0,0,0,0,0,0,0,2,0,2,1,3,1,0,1,3,0,2,1,0,0,0,0,0,0,0,0,0,0,0,0,0,0,0,0,0,0,0,16,31082
ARAPUA,0,0,0,0,0,0,0,0,0,1,0,1,0,0,0,0,0,0,0,0,0,0,0,0,0,0,0,0,0,0,0,0,0,0,0,0,0,0,0,0,0,0,0,2,31082
MATUTINA,0,0,0,0,0,1,2,1,0,0,1,0,0,0,0,0,1,0,0,0,0,0,0,0,0,0,0,0,0,0,0,0,0,0,0,0,0,0,0,0,0,0,0,6,31082
CARMO DO PARANAIBA,0,0,0,0,0,1,1,1,0,0,0,1,0,2,1,0,0,0,0,1,0,0,0,1,0,0,0,0,0,0,0,0,0,0,0,0,0,0,0,0,0,0,0,9,31082
SANTA ROSA DA SERRA,0,0,0,0,0,0,0,0,0,0,0,0,0,0,0,0,0,0,0,0,0,0,0,0,0,0,0,1,0,0,0,0,0,0,0,0,0,0,0,0,0,0,0,1,31082
FRANCISCO DUMONT,0,2,0,0,1,0,0,0,1,0,0,0,0,0,0,0,0,0,0,0,0,0,0,0,0,0,0,0,0,0,0,0,0,0,0,0,0,0,0,0,0,0,0,4,31083
GUARACIAMA,0,1,0,0,0,0,0,0,0,0,1,0,0,1,0,0,0,0,0,0,0,0,0,0,0,0,0,0,0,1,0,0,0,0,0,0,0,0,0,0,0,0,0,4,31083
BOCAIUVA,8,2,0,5,4,1,0,1,0,0,0,1,0,0,0,2,0,0,0,0,0,0,0,0,0,0,0,0,0,0,0,0,0,0,0,0,0,0,0,0,0,0,0,24,31083
JOAQUIM FELICIO,0,0,0,0,1,0,0,1,1,1,1,0,0,0,0,0,0,0,0,0,0,0,0,0,1,0,0,0,0,0,0,0,0,0,0,0,0,0,0,1,0,0,0,7,31083
OLHOS-D'AGUA,0,0,1,0,0,0,0,1,0,0,0,0,0,0,0,0,0,0,0,0,0,0,0,0,0,0,0,0,0,0,0,0,1,0,0,0,0,0,0,0,0,0,0,3,31083
GLAUCILANDIA,0,0,0,0,1,0,0,0,0,0,0,0,0,0,0,0,0,0,0,0,0,0,0,0,1,0,0,0,0,0,0,0,0,0,1,0,0,0,0,0,0,0,0,3,31084
MONTES CLAROS,37,43,65,76,73,54,38,74,67,43,58,65,31,50,50,41,32,19,24,25,16,9,10,6,8,8,8,14,4,6,6,2,6,2,2,2,10,6,7,6,7,5,0,1115,31084
CLARO DOS POCOES,0,0,1,0,0,1,0,0,1,0,2,1,0,0,0,0,0,0,0,0,0,0,0,0,0,0,0,0,0,0,0,0,0,0,0,0,0,0,0,0,0,0,0,6,31084
MIRABELA,0,0,1,1,4,3,5,4,5,0,1,0,3,1,1,5,1,4,1,0,1,0,1,0,0,0,0,0,0,0,0,0,0,0,0,0,0,0,0,0,0,0,0,42,31084
TAIOBEIRAS,0,0,1,3,2,2,3,4,4,9,8,3,3,3,3,5,2,0,1,1,0,0,1,0,0,0,0,0,0,0,0,0,0,0,0,0,0,0,0,0,0,0,0,58,31085
INDAIABIRA,0,0,1,0,0,0,0,0,0,0,0,0,0,0,1,1,0,0,0,0,0,0,0,0,0,0,0,0,0,0,0,0,0,0,0,0,0,0,0,0,0,0,0,3,31085
MONTEZUMA,0,0,0,0,0,0,0,0,0,0,0,0,0,0,0,0,0,0,0,0,0,0,0,0,0,0,0,0,0,0,0,0,0,0,0,0,0,1,0,0,0,0,0,1,31085
SAO JOAO DO PARAISO,0,0,0,0,0,0,1,0,0,0,1,0,0,0,1,1,0,0,1,0,0,0,0,0,0,0,0,0,0,1,0,0,0,0,0,0,0,0,0,0,0,0,0,6,31085
RIO PARDO DE MINAS,0,0,0,0,0,1,0,0,0,0,0,0,0,0,0,1,0,0,0,0,0,0,0,0,0,0,0,0,0,0,0,0,0,0,0,0,0,0,0,0,0,0,0,2,31085
BERIZAL,0,0,0,0,0,0,0,0,0,2,0,0,0,0,0,0,0,0,0,0,0,0,0,0,0,0,0,0,0,0,0,0,0,0,0,0,1,0,0,0,0,0,0,3,31085
SAO GONCALO DO PARA,1,0,0,1,0,3,0,3,0,0,0,0,0,0,0,1,0,0,0,0,0,0,1,0,0,0,0,0,0,0,0,0,0,0,0,0,0,0,0,0,0,0,0,10,31086
SAO SEBASTIAO DO OESTE,0,0,0,0,0,0,0,0,0,0,1,0,0,0,0,0,0,0,0,0,0,0,0,0,0,0,0,0,0,0,0,0,0,0,0,0,0,0,0,0,0,0,0,1,31086
ARAUJOS,1,0,0,0,0,1,1,0,0,2,0,0,0,0,0,0,0,0,0,0,0,0,0,0,0,0,0,0,0,0,0,0,0,0,0,0,0,0,0,0,0,0,0,5,31086
DIVINOPOLIS,2,2,5,2,4,8,11,7,18,22,32,25,19,32,52,57,63,65,100,74,98,53,58,43,35,25,33,18,6,3,6,12,1,3,11,6,5,2,6,4,1,0,0,1029,31086
CLAUDIO,0,0,0,0,0,0,0,0,0,1,1,2,0,0,0,0,0,0,0,1,0,0,0,0,0,0,0,1,0,0,0,0,0,0,0,0,0,0,0,0,0,0,0,6,31086
PERDIGAO,0,0,0,0,0,0,0,0,0,0,0,0,0,1,0,0,0,0,0,0,0,0,0,0,0,0,0,1,0,0,0,0,0,0,0,0,0,0,0,0,0,0,0,2,31086
CARMO DO CAJURU,0,0,0,2,5,1,3,2,2,0,0,0,2,0,1,1,0,0,1,0,0,0,1,2,0,0,0,0,0,0,0,0,0,1,0,0,1,0,0,0,0,0,0,25,31086
ITAPECERICA,0,0,0,0,1,0,0,1,0,1,0,0,0,0,0,0,0,0,0,0,0,0,0,0,0,0,0,0,0,0,0,0,0,0,0,0,0,0,0,0,0,0,0,3,31086
LAGOA DA PRATA,1,8,11,25,16,38,22,46,41,37,53,49,21,18,11,10,9,7,10,9,6,10,11,1,4,4,4,3,1,1,4,0,3,0,1,1,1,0,0,1,0,0,0,498,31087
SANTO ANTONIO DO MONTE,2,0,1,3,7,14,17,27,21,17,14,20,15,5,2,4,0,0,0,1,0,0,0,1,0,0,0,0,0,0,1,0,0,0,0,0,0,0,0,0,0,0,0,172,31087
JAPARAIBA,0,5,1,2,4,1,0,0,3,0,0,0,0,1,1,0,0,0,0,0,0,0,0,2,0,0,0,0,0,1,0,0,0,0,0,0,0,0,0,0,0,0,0,21,31087
PEDRA DO INDAIA,0,0,1,0,1,1,1,0,0,0,0,3,0,1,1,0,0,0,0,0,0,0,0,0,0,0,0,0,0,0,0,0,0,0,0,0,0,0,0,0,0,0,0,9,31087
ARCOS,0,1,0,1,1,0,0,1,2,1,2,3,0,0,3,4,2,1,1,4,2,4,3,2,1,0,2,1,12,8,4,6,6,3,2,1,3,1,1,0,0,0,0,89,31087
CARMO DA MATA,0,0,0,0,0,0,0,3,2,0,3,0,3,0,0,0,0,0,0,0,0,0,0,0,0,0,0,0,0,0,0,0,0,0,0,1,0,0,0,0,0,0,0,12,31088
OLIVEIRA,0,0,0,1,0,0,0,0,1,1,1,0,1,2,5,6,3,2,2,2,8,2,4,20,1,1,1,0,7,3,0,0,0,0,0,0,1,0,1,0,0,0,0,76,31088
PASSA TEMPO,0,0,0,0,0,1,1,0,7,2,3,6,5,2,1,2,1,0,0,0,0,0,0,0,0,0,0,0,0,0,0,0,0,0,0,0,0,0,0,0,0,0,0,31,31088
SAO FRANCISCO DE PAULA,0,0,0,0,0,0,0,0,0,0,0,1,2,0,0,2,1,0,0,0,0,0,0,0,0,0,0,0,0,0,0,0,0,1,0,0,0,0,0,0,0,0,0,7,31088
CARMOPOLIS DE MINAS,0,0,0,0,0,0,0,0,0,0,0,0,0,0,0,3,1,0,0,0,0,0,0,0,0,0,0,0,0,0,0,0,0,0,0,0,0,0,0,0,0,0,0,4,31088
CAMACHO,0,0,0,0,0,0,0,0,1,0,0,1,0,0,0,0,0,0,0,0,0,0,0,0,0,0,0,0,0,0,0,0,0,0,0,0,0,0,0,0,0,0,0,2,31089
CANDEIAS,0,0,1,0,0,0,0,0,0,0,0,0,0,0,0,0,0,2,0,0,0,0,1,0,0,0,0,0,0,0,0,0,0,0,0,0,0,0,0,0,0,0,0,4,31089
CAMPO BELO,0,0,4,1,1,1,2,6,4,5,8,10,5,8,4,3,4,4,2,12,4,1,4,5,5,6,3,1,0,0,0,0,0,0,0,1,0,0,0,0,0,0,0,114,31089
SANTANA DO JACARE,0,0,0,0,0,0,0,0,0,0,0,0,0,0,0,0,0,0,0,0,0,0,0,0,1,0,0,0,0,0,0,0,0,0,0,0,0,0,0,0,0,0,0,1,31089
CRISTAIS,0,0,0,0,0,0,1,0,0,0,0,0,0,0,2,0,0,0,0,0,0,0,0,0,0,0,0,0,0,0,0,0,0,0,0,0,0,0,0,0,0,0,0,3,31089
AGUANIL,0,0,0,0,0,0,0,0,1,0,0,0,0,0,0,0,0,0,0,0,0,0,0,0,0,0,0,0,0,0,0,0,0,0,0,0,0,0,0,1,0,0,0,2,31089
PEDRO TEIXEIRA,1,0,0,0,0,0,0,0,0,0,0,0,0,0,0,1,0,0,0,1,0,0,0,0,0,0,0,0,0,0,0,0,0,0,0,0,0,0,0,0,0,0,0,3,31090
PASSA-VINTE,0,0,0,0,0,0,0,0,0,0,0,0,0,0,0,0,1,0,0,0,0,0,0,0,0,0,0,0,0,0,0,0,0,0,0,0,0,0,0,0,0,0,0,1,31090
SANTA BARBARA DO MONTE VERDE,0,0,0,0,0,0,0,0,0,0,0,0,0,0,0,0,1,0,0,0,0,0,0,0,0,0,0,0,0,0,0,0,0,0,0,0,0,0,0,0,0,0,0,1,31090
LIMA DUARTE,0,0,0,0,0,0,0,0,0,0,0,0,0,0,0,0,1,0,1,0,0,0,2,0,0,0,0,0,0,0,0,0,0,0,0,0,0,0,0,0,0,0,0,4,31090
BOM JARDIM DE MINAS,0,0,0,0,0,0,0,0,1,0,0,0,0,0,0,0,0,0,0,0,0,0,0,1,0,0,0,0,0,0,0,0,0,0,0,0,0,0,0,0,0,0,0,2,31090
CASSIA,0,0,0,0,0,0,0,0,0,0,0,0,0,0,0,0,1,0,0,0,0,0,0,0,0,0,0,0,0,0,0,0,0,0,0,0,0,0,0,0,0,0,0,1,31091
DELFINOPOLIS,0,0,0,0,0,0,0,0,0,1,0,0,0,0,0,0,0,0,0,0,0,0,0,0,0,0,0,0,0,0,0,0,0,0,0,0,0,0,0,0,0,0,0,1,31091
CLARAVAL,0,0,0,0,0,0,0,0,0,0,0,0,0,0,0,0,0,0,0,0,0,1,0,0,0,0,0,0,0,0,0,0,0,0,0,0,0,0,0,0,0,0,0,1,31091
BOM JESUS DA PENHA,0,0,0,0,0,0,0,0,0,0,0,0,0,0,0,0,1,0,0,0,0,1,0,0,0,0,0,0,0,0,0,0,0,0,0,0,0,0,0,0,0,0,0,2,31092
PASSOS,0,0,0,0,0,0,0,0,0,0,1,1,0,0,0,2,1,0,0,0,1,0,0,0,0,0,0,0,0,0,0,0,0,0,1,0,0,0,0,0,0,0,0,7,31092
FORTALEZA DE MINAS,0,0,0,0,0,0,0,1,0,0,0,1,0,0,0,0,0,0,0,0,0,0,0,0,0,0,0,0,0,0,0,0,0,0,0,0,0,0,0,0,0,0,0,2,31092
CARMO DO RIO CLARO,0,0,0,0,0,0,0,0,0,0,0,0,0,0,0,0,0,1,1,0,0,0,0,0,0,0,0,0,0,0,0,0,0,0,0,0,0,0,0,0,0,0,0,2,31092
PIUMHI,0,0,0,0,0,0,0,0,0,0,1,0,0,0,0,0,0,0,1,0,0,0,0,0,0,0,0,0,0,0,0,0,0,1,0,1,0,0,0,1,0,0,0,5,31093
SAO ROQUE DE MINAS,0,0,0,0,0,0,0,1,0,0,0,0,0,0,0,0,0,0,0,0,0,0,0,0,0,0,0,0,0,0,0,0,0,0,0,0,0,0,0,0,0,0,0,1,31093
DORESOPOLIS,0,0,0,0,0,0,0,0,0,0,0,1,0,0,0,0,0,1,0,0,0,0,0,0,0,0,0,0,0,0,0,0,0,0,0,0,0,0,0,0,0,0,0,2,31093
VARGEM BONITA,0,0,0,0,0,0,0,0,0,0,0,0,0,0,0,0,0,0,1,0,0,0,0,0,0,0,0,0,0,0,0,0,0,0,0,0,0,0,0,0,0,0,0,1,31093
CAPITOLIO,0,0,0,0,0,0,2,0,0,0,0,0,0,0,0,0,0,0,0,0,1,1,0,0,0,0,0,0,0,0,0,0,0,0,0,0,0,0,0,0,0,0,0,4,31093
JOAIMA,0,0,0,0,0,1,2,0,0,0,0,0,0,0,0,0,0,0,1,0,0,0,0,0,0,0,0,0,0,0,0,0,0,0,1,0,0,0,0,0,0,0,0,5,31094
RIO DO PRADO,0,0,0,0,0,1,0,0,1,1,0,0,0,0,0,0,0,1,0,1,0,0,0,0,0,0,0,0,0,0,0,0,0,0,0,0,0,0,0,0,0,0,0,5,31094
JEQUITINHONHA,0,0,0,1,0,2,0,9,9,11,8,6,6,9,4,6,9,5,12,8,3,0,7,2,1,0,1,0,0,0,0,0,0,0,0,0,0,0,0,0,0,0,0,119,31094
BANDEIRA,0,0,0,0,0,0,0,0,0,0,0,0,0,0,0,1,0,0,0,0,0,0,0,0,0,0,0,0,0,0,0,0,0,1,0,0,0,0,0,0,0,0,0,2,31094
JACINTO,0,0,0,1,0,1,0,0,1,0,0,1,0,0,0,0,0,0,0,0,0,0,0,0,0,0,0,0,0,0,0,0,0,0,0,0,0,0,0,0,0,0,0,4,31094
RUBIM,0,0,0,0,0,0,0,0,0,0,0,0,0,0,0,0,0,0,0,0,0,1,0,0,0,0,0,0,0,0,0,0,0,0,0,0,0,0,0,0,0,0,0,1,31094
SALTO DA DIVISA,1,0,1,1,2,0,5,13,19,10,11,10,3,12,3,3,6,6,7,9,10,2,0,0,1,0,0,0,0,0,0,1,0,2,1,0,0,1,2,0,1,0,0,143,31094
JORDANIA,0,0,0,0,0,0,0,0,0,0,1,0,0,0,0,0,0,0,0,0,0,0,0,0,0,0,0,0,0,0,0,0,0,0,0,0,0,0,0,0,0,0,0,1,31094
ALMENARA,0,0,0,0,0,1,0,0,0,1,0,0,0,1,1,0,0,0,0,0,0,0,0,0,0,0,0,0,0,0,0,0,0,0,0,0,0,0,0,0,0,0,0,4,31094
FELISBURGO,0,0,0,0,0,0,0,2,0,0,1,0,0,0,0,0,0,0,0,0,0,0,0,0,0,0,0,0,0,0,0,0,0,0,0,0,0,0,0,0,0,0,0,3,31094
MATA VERDE,0,0,1,0,1,0,0,0,0,0,0,5,0,0,1,0,0,1,2,0,0,0,0,0,0,0,0,0,0,0,0,0,0,0,0,0,0,0,0,0,0,0,0,11,31094
CONCEICAO DO MATO DENTRO,0,3,1,5,8,5,14,10,7,17,9,4,1,1,1,1,4,0,0,0,0,0,1,0,0,0,0,0,0,0,0,0,0,1,1,0,0,0,0,0,0,0,0,94,31095
SANTO ANTONIO DO ITAMBE,0,0,0,0,0,1,0,0,0,0,0,0,0,0,0,0,0,0,0,1,0,0,0,0,0,0,0,0,0,0,0,0,0,0,0,0,0,0,0,0,0,0,0,2,31095
SERRA AZUL DE MINAS,0,0,0,0,0,1,0,0,0,0,0,0,0,0,0,0,0,0,0,0,0,0,0,0,0,0,0,0,0,0,0,0,0,0,0,0,0,0,0,0,0,0,0,1,31095
SERRO,0,1,2,1,3,2,0,6,11,0,0,5,1,2,1,25,0,2,13,12,1,0,0,0,0,0,0,0,0,0,0,0,0,0,0,0,0,0,0,0,0,0,0,88,31095
NOVA MODICA,0,0,0,0,0,0,1,0,0,18,28,23,25,23,6,0,0,0,0,0,0,0,0,0,0,0,0,0,0,0,0,0,0,0,0,0,0,0,0,0,0,0,0,124,31096
CAMPANARIO,0,0,0,1,2,1,5,0,10,19,15,14,4,7,2,0,0,2,1,0,0,1,0,1,0,0,0,0,0,0,0,0,0,0,0,0,0,0,0,0,0,0,0,85,31096
ITAMBACURI,1,6,12,15,24,10,11,13,21,9,4,4,7,3,1,1,0,6,4,1,2,3,6,1,0,1,0,0,0,0,0,0,0,0,0,0,0,0,0,0,0,0,0,166,31096
SAO JOSE DO DIVINO,0,0,0,0,0,0,0,0,0,1,4,2,11,11,8,18,3,1,0,0,0,0,0,0,0,0,0,0,0,0,0,0,0,0,0,0,0,0,0,0,0,0,0,59,31096
FREI GASPAR,0,0,0,0,0,1,0,7,8,4,3,1,0,1,0,1,1,0,0,0,0,1,0,0,0,0,0,0,0,0,0,0,0,0,0,0,0,0,0,0,0,0,0,28,31096
PESCADOR,0,0,0,0,0,0,1,2,2,1,5,4,2,2,0,0,1,0,1,0,0,0,0,0,0,0,0,0,0,0,0,0,0,0,0,0,0,0,0,0,0,0,0,21,31096
CHACARA,0,0,0,0,0,0,0,0,0,0,0,0,0,2,0,0,0,0,0,0,0,0,0,0,0,0,0,0,0,0,0,0,0,0,0,0,0,0,0,0,0,0,0,2,31097
CORONEL PACHECO,0,0,0,0,0,0,0,0,0,0,0,0,0,0,0,0,0,0,1,0,0,0,0,0,0,0,0,0,0,0,0,0,0,0,0,0,0,0,0,0,0,0,0,1,31097
BELMIRO BRAGA,0,0,0,1,0,0,0,0,0,0,0,0,0,0,1,0,0,0,0,0,0,0,0,0,0,0,0,0,0,0,0,0,0,0,0,0,0,0,0,0,0,0,0,2,31097
JUIZ DE FORA,3,3,0,4,2,4,0,7,4,4,3,5,4,10,13,10,10,9,3,6,12,5,3,7,9,5,5,2,1,4,1,0,2,3,0,3,1,1,1,0,0,0,0,169,31097
SANTANA DO DESERTO,0,0,0,0,0,0,0,0,1,0,0,0,0,0,1,0,0,0,0,0,0,0,0,0,0,0,0,0,0,0,0,0,0,0,0,0,0,0,0,0,0,0,0,2,31097
GOIANA,0,0,0,1,1,0,0,0,0,0,0,0,3,0,0,2,2,1,0,0,0,0,0,0,0,0,0,0,0,0,0,0,0,0,0,0,0,0,0,0,0,0,0,10,31097
SIMAO PEREIRA,0,0,1,0,0,0,0,0,0,0,0,0,0,0,0,0,0,0,0,0,0,0,0,0,0,0,0,0,0,0,0,0,0,0,0,0,0,0,0,0,0,0,0,1,31097
PIAU,0,0,0,0,0,0,0,0,0,0,0,0,0,0,0,0,0,0,0,0,0,0,0,0,0,0,0,0,1,0,0,0,0,0,0,0,0,0,0,0,0,0,0,1,31097
RIO NOVO,0,0,0,0,0,0,0,0,3,0,0,0,0,0,0,0,0,0,0,0,0,0,0,0,0,0,0,0,0,0,0,0,0,0,0,0,0,0,0,0,0,0,0,3,31097
MATIAS BARBOSA,1,0,1,0,0,0,0,0,1,1,0,0,0,0,0,0,0,0,0,0,0,1,0,0,0,1,0,0,0,0,0,0,0,0,0,0,0,0,0,0,0,0,0,6,31097
PADRE CARVALHO,1,1,1,1,0,1,0,6,1,0,0,0,0,0,1,1,0,0,0,0,0,0,0,0,0,0,0,0,0,0,0,0,0,0,0,0,0,0,0,0,0,0,0,14,31098
FRUTA DE LEITE,1,0,3,1,1,0,0,2,0,0,0,1,1,0,3,1,1,1,0,1,0,0,0,0,0,0,0,0,0,0,0,0,0,0,0,0,0,0,0,0,0,0,0,17,31098
NOVORIZONTE,0,0,0,0,0,0,0,0,0,0,0,0,0,1,0,0,1,0,0,1,0,0,0,0,0,0,0,0,0,0,0,0,0,0,0,0,0,0,0,0,0,0,0,3,31098
SALINAS,0,0,2,3,5,2,1,0,0,0,1,1,1,0,0,1,3,0,0,0,0,0,0,1,0,0,0,0,0,0,0,0,0,0,0,0,0,0,0,0,0,0,0,21,31098
ANGELANDIA,0,0,0,0,0,0,0,0,0,0,1,0,2,0,0,0,0,0,2,2,2,0,0,0,0,0,0,0,0,0,0,0,0,1,0,0,0,0,0,0,0,0,0,10,31099
MALACACHETA,0,0,1,1,1,0,0,0,1,5,3,2,2,4,4,0,0,0,2,3,1,0,0,1,0,0,0,0,0,0,1,0,0,0,0,0,0,0,0,0,0,0,0,32,31099
POTE,0,0,0,0,0,1,0,1,2,2,1,1,0,0,0,0,0,4,1,0,0,0,0,0,0,0,0,0,0,0,0,0,0,0,0,0,0,0,0,0,0,1,0,14,31099
ATALEIA,0,0,0,0,0,0,0,0,0,0,1,2,0,0,0,1,1,0,1,0,0,0,0,0,0,0,0,0,0,0,0,0,0,0,0,0,0,0,0,0,0,0,0,6,31099
NOVO ORIENTE DE MINAS,3,1,0,5,10,10,3,0,0,0,0,0,0,0,0,0,0,0,0,0,0,0,0,0,0,0,0,0,0,0,0,0,0,0,0,0,0,0,0,0,0,0,0,32,31099
FRANCISCOPOLIS,1,1,2,4,5,7,6,2,1,1,2,5,4,4,0,2,2,0,0,0,0,0,0,0,0,0,0,0,0,0,0,0,0,0,0,0,0,0,0,0,0,0,0,49,31099
NOVO CRUZEIRO,0,0,0,0,0,0,1,1,1,1,7,5,0,0,0,0,0,1,0,0,0,1,0,0,0,0,0,0,0,0,0,0,0,0,0,0,0,1,0,0,0,0,0,19,31099
TEOFILO OTONI,5,5,9,10,22,29,27,54,75,55,72,81,43,40,39,39,33,27,18,23,7,2,7,3,2,4,4,1,3,1,1,0,0,0,0,3,0,0,1,0,0,0,0,745,31099
LADAINHA,0,0,0,0,0,0,0,0,2,1,0,2,0,1,3,2,0,0,0,0,0,0,0,0,0,0,0,0,0,0,0,0,0,0,0,0,0,0,0,0,0,0,0,11,31099
OURO VERDE DE MINAS,0,0,0,0,0,0,1,0,0,0,0,1,0,0,0,0,0,0,0,0,0,0,0,0,0,0,0,0,0,0,0,0,0,0,0,0,0,0,0,0,0,0,0,2,31099
SAO ROMAO,0,0,0,0,0,3,1,0,1,2,0,0,0,0,0,0,0,1,0,0,0,0,0,0,0,0,0,0,0,0,0,0,0,0,0,0,0,0,0,0,0,0,0,8,31100
ICARAI DE MINAS,0,0,0,0,2,0,0,1,0,1,1,0,0,0,0,0,0,0,0,0,0,0,0,0,0,0,0,0,0,0,0,0,0,0,0,0,0,0,0,0,0,0,0,5,31100
URUCUIA,0,0,0,0,0,0,0,0,0,0,0,0,0,0,0,0,0,0,0,0,1,0,0,0,0,0,0,0,0,0,0,0,0,0,0,0,0,0,0,0,0,0,0,1,31100
SAO FRANCISCO,1,0,3,7,6,11,7,88,99,82,95,36,34,76,66,47,73,19,8,8,2,1,0,0,0,0,0,0,0,0,0,0,0,0,0,0,0,0,0,0,0,0,0,769,31100
PINTOPOLIS,0,1,16,17,26,3,26,12,0,1,0,0,0,0,0,0,0,0,0,0,0,0,0,0,0,0,0,0,0,0,0,0,0,0,0,0,0,0,0,0,0,0,0,102,31100
VARZELANDIA,0,0,4,1,2,0,4,1,1,4,5,1,1,2,2,5,3,0,1,0,0,0,3,0,0,0,0,1,0,0,0,0,0,0,1,0,0,0,0,0,0,0,0,42,31101
LONTRA,0,0,0,1,0,0,0,1,0,1,1,0,0,0,1,0,0,0,0,0,0,0,0,0,0,0,0,0,0,0,0,0,0,0,0,0,0,0,0,0,0,0,0,5,31101
LUISLANDIA,1,5,3,13,32,33,8,2,4,0,3,1,0,0,0,0,0,0,0,0,0,0,0,0,0,0,0,0,0,0,0,0,0,0,0,0,0,0,0,0,0,0,0,105,31101
JAPONVAR,0,1,4,9,17,2,2,1,0,0,0,0,0,0,0,0,0,0,0,0,0,0,0,0,0,0,0,0,0,0,0,0,0,0,0,0,0,0,0,0,0,0,0,36,31101
PATIS,0,0,0,0,0,0,0,0,0,0,0,0,0,0,0,0,0,0,0,0,0,0,0,0,0,0,0,0,0,0,0,0,0,0,0,0,1,0,0,0,0,0,0,1,31101
SAO JOAO DA PONTE,1,0,4,7,5,7,1,5,1,1,2,8,42,19,21,2,0,0,0,0,0,0,0,0,0,0,0,0,0,0,0,0,0,0,0,0,0,1,0,0,0,0,0,127,31101
IBIRACATU,0,0,0,0,0,0,1,0,0,0,0,0,0,0,0,0,0,0,0,0,0,0,0,0,0,0,0,0,0,0,0,0,0,0,0,0,1,0,0,0,0,0,0,2,31101
CAMPO AZUL,0,0,0,0,0,0,0,0,0,0,0,0,0,0,0,1,0,0,0,0,0,0,0,0,0,0,0,0,0,0,0,0,0,0,0,0,0,0,0,0,0,0,0,1,31101
BRASILIA DE MINAS,0,1,15,4,4,4,1,0,0,0,0,0,0,0,0,0,0,0,0,0,0,0,0,0,0,0,0,0,0,0,0,0,0,0,0,0,0,0,0,0,0,0,0,29,31101
UBAI,0,0,0,1,0,2,0,0,0,0,0,0,0,0,0,0,0,0,0,0,0,0,0,0,0,0,0,0,0,0,0,0,0,0,0,0,0,0,0,0,0,0,0,3,31101
PECANHA,0,0,0,2,0,0,1,1,0,0,0,0,0,1,0,0,1,0,0,0,0,0,0,0,0,0,0,0,0,0,0,0,0,0,0,0,0,0,0,0,0,0,0,6,31102
AGUA BOA,0,0,0,0,0,0,0,0,0,0,0,0,0,1,0,0,1,1,2,2,2,0,0,1,1,0,0,0,0,0,0,0,0,0,0,0,0,0,0,0,0,0,0,11,31102
SANTA MARIA DO SUACUI,0,0,0,0,1,1,2,1,3,1,5,4,6,4,4,10,7,2,0,3,2,1,0,1,3,0,0,0,0,0,0,0,0,0,0,0,0,0,0,0,0,0,0,61,31102
SAO SEBASTIAO DO MARANHAO,0,0,0,0,0,0,0,0,0,0,0,0,0,0,0,0,0,0,0,0,1,0,0,0,0,0,0,0,0,0,0,0,0,0,0,0,0,0,0,0,0,0,0,1,31102
PAULISTAS,0,0,0,0,1,0,0,0,0,0,0,0,0,1,0,0,0,0,0,0,0,0,0,0,0,0,0,0,0,0,0,0,0,0,0,0,0,0,0,0,0,0,0,2,31102
SAO JOAO EVANGELISTA,0,0,0,1,0,1,0,2,1,1,2,1,0,0,1,1,1,0,0,0,0,0,0,0,0,0,0,0,0,0,0,0,0,0,0,0,0,0,0,0,0,0,0,12,31102
SAO PEDRO DO SUACUI,0,0,0,0,0,0,0,1,0,0,0,2,0,0,0,0,0,0,0,0,0,0,0,0,0,0,0,0,0,0,0,0,0,0,0,0,0,0,0,0,0,0,0,3,31102
JOSE RAYDAN,0,0,0,0,0,0,0,0,0,1,0,0,0,0,0,0,0,0,0,0,0,0,0,0,1,0,0,0,0,0,0,0,0,0,0,0,0,0,0,0,0,0,0,2,31102
SAO JOSE DO JACURI,0,0,0,0,0,0,0,0,0,1,0,0,0,0,0,0,0,0,0,0,0,1,0,0,0,0,0,0,0,0,0,0,0,0,0,0,0,0,0,0,0,0,0,2,31102
Total,2956,5386,6713,9408,11526,11791,11008,14668,14991,12457,12659,11566,7499,7757,6773,6386,5275,4592,4757,4340,3566,2328,2453,2513,1432,968,1108,1023,678,488,519,475,266,305,312,248,231,260,267,226,152,108,9,192443,Total
